Name,DOB,Country,Matches,PlayerID,Overs,Average,Wickets,Economy,Strike Rate,Top,Middle,Bottom
Aamer Malik,03/01/1963,Pakistan,14,1068,26,89,0,3.42,156,100,0,0
Aamir Nazir,02/01/1971,Pakistan,6,1259,176.1,29.85,0,3.39,52.85,50,25,25
Aamir Sohail,14/09/1966,Pakistan,47,1653,397.1,41.96,0,2.64,95.32,12,52,36
Aaqib Javed,05/08/1972,Pakistan,22,869,653,34.7,0,2.87,72.56,42.6,31.5,25.9
"Aaron, Varun R",29/10/1989,India,9,3916,198.1,52.61,0,4.78,66.06,44.4,44.4,11.1
"Abbott, Kyle J",18/06/1987,South Africa,6,4002,186.1,23.38,0,2.64,53.19,19,47.6,33.3
Abdul Qadir,15/09/1955,Pakistan,67,1408,2810.2,32.81,5,2.71,72.57,24.6,42.4,33.1
Abdul Razzaq,02/12/1979,Pakistan,46,2191,1168,36.94,0,3.16,70.08,25,40,35
Abdur Rauf,09/12/1978,Pakistan,3,3526,75,46.33,0,3.71,75,33.3,33.3,33.3
Abdur Razzak,15/06/1982,Bangladesh,12,3180,469.3,67.39,0,3.3,122.48,30.4,52.2,17.4
Abdur Rehman,01/03/1980,Pakistan,22,3446,1148.4,29.39,0,2.53,69.62,31.3,35.4,33.3
Abul Hasan,05/08/1992,Bangladesh,3,3965,88,123.67,0,4.22,176,66.7,33.3,0
"Ackerman, Hylton D",14/02/1973,South Africa,4,2128,-1,20.13,-1,-1,-1,-1,-1,-1
"Adams, Andre R",17/07/1975,New Zealand,1,2963,31.4,17.5,0,3.32,31.67,16.7,33.3,50
"Adams, Christopher J",06/05/1970,England,5,2198,20,59,0,2.95,120,0,100,0
"Adams, James C",09/01/1968,West Indies,54,9,469.2,49.48,0,2.85,104.3,11.1,37,51.9
"Adams, Paul R",20/01/1977,South Africa,45,2044,1475,32.87,1,2.99,66.04,20.9,41,38.1
Adnan Akmal,13/03/1985,Pakistan,21,3835,-1,24.63,-1,-1,-1,-1,-1,-1
Aftab Ahmed,10/11/1985,Bangladesh,16,3224,57.2,47.4,0,4.13,68.8,20,40,40
"Afzaal, Usman",09/06/1977,England,3,2976,9,49,0,5.44,54,0,100,0
"Agar, Ashton C",14/10/1993,Australia,2,4224,84,124,0,2.95,252,50,50,0
"Agarkar, Ajit B",04/12/1977,India,26,2159,809.3,47.33,0,3.39,83.74,36.2,37.9,25.9
"Agnew, Jonathan P",04/04/1960,England,3,12,92,93.25,0,4.05,138,25,75,0
"Ahangama, Franklyn S",14/09/1959,Sri Lanka,3,13,133.3,19.33,0,2.61,44.5,44.4,22.2,33.3
Ahmed Shehzad,23/11/1991,Pakistan,11,3675,8,-1,0,3.5,-1,-1,-1,-1
Aizaz Cheema,05/09/1979,Pakistan,7,3890,200,31.9,0,3.19,60,35,35,30
Ajmal Shahzad,27/07/1985,England,1,3765,17,15.75,0,3.71,25.5,0,50,50
Akram Khan,01/11/1968,Bangladesh,8,2237,-1,16.19,-1,-1,-1,-1,-1,-1
Akram Raza,22/11/1964,Pakistan,9,1445,254.2,56.31,0,2.88,117.38,30.8,38.5,30.8
Al Sahariar Rokon,23/04/1978,Bangladesh,15,2238,1,-1,0,13,-1,-1,-1,-1
Alamgir Kabir,10/01/1981,Bangladesh,3,3025,43.3,-1,0,5.08,-1,-1,-1,-1
Al-Amin Hossain,01/01/1990,Bangladesh,6,4247,146.4,76.67,0,3.14,146.67,33.3,50,16.7
"Alderman, Terence M",12/06/1956,Australia,41,32,1696.5,27.15,1,2.72,59.89,37.6,36.5,25.9
"Ali, Moeen M",18/06/1987,England,20,4271,568,37.33,0,3.81,58.76,32.8,32.8,34.5
Ali Hussain Rizvi,06/01/1974,Pakistan,1,2117,18.3,36,0,3.89,55.5,0,50,50
"Allen, Ian B A",06/10/1965,West Indies,2,55,47,36,0,3.83,56.4,0,40,60
"Allott, Geoffrey I",24/12/1971,New Zealand,10,2049,337.1,58.47,0,3.3,106.47,47.4,36.8,15.8
"Allott, Paul J W",14/09/1956,England,13,58,370.5,41.69,0,2.92,85.58,34.6,34.6,30.8
Alok Kapali,01/12/1984,Bangladesh,17,3031,183.5,118.17,0,3.86,183.83,33.3,0,66.7
"Amalean, Kaushik N",07/04/1965,Sri Lanka,2,60,40.4,22.29,0,3.84,34.86,14.3,42.9,42.9
"Ambrose, Curtly E L",21/09/1963,West Indies,98,65,3683.5,20.99,3,2.31,54.58,36.3,36,27.7
"Ambrose, Timothy R",01/12/1982,England,11,3534,-1,29.8,-1,-1,-1,-1,-1,-1
"Amerasinghe, Merenna K D I",05/03/1978,Sri Lanka,1,3466,25,105,0,4.2,150,0,100,0
Aminul Islam,02/02/1968,Bangladesh,13,2236,33,149,0,4.52,198,0,0,100
"Amla, Hashim M",31/03/1983,South Africa,89,3236,9,-1,0,4.11,-1,-1,-1,-1
"Amre, Praveen K",14/08/1968,India,11,69,-1,42.5,-1,-1,-1,-1,-1,-1
Anamul Haque,16/12/1992,Bangladesh,4,3979,-1,9.13,-1,-1,-1,-1,-1,-1
"Anderson, Corey J",13/12/1990,New Zealand,11,3983,174,38.46,0,2.87,80.31,38.5,61.5,0
"Anderson, James M",30/07/1982,England,110,3065,4079.1,28.96,2,3.02,57.45,37.3,37.8,24.9
"Angel, Jo",22/04/1968,Australia,4,76,124.4,46.3,0,3.71,74.8,20,30,50
"Ankola, Salil A",01/03/1968,India,1,78,30,64,0,4.27,90,0,100,0
"Anurasiri, Sangarange D",25/02/1966,Sri Lanka,18,79,662.1,37.76,0,2.34,96.9,34.1,39,26.8
Anwar Hossain,10/12/1983,Bangladesh,1,3062,-1,7,-1,-1,-1,-1,-1,-1
Anwar Hossain Monir,31/12/1981,Bangladesh,3,3052,58,-1,0,5.29,-1,-1,-1,-1
Anwar Khan,24/12/1955,Pakistan,1,926,4,-1,0,2.25,-1,-1,-1,-1
"Arnel, Brent J",03/01/1979,New Zealand,6,3776,168,62.89,0,3.37,112,44.4,44.4,11.1
"Arnold, Russel P",25/10/1973,Sri Lanka,44,2098,222.2,54.36,0,2.69,121.27,27.3,72.7,0
"Arnott, Kevin J",08/03/1961,Zimbabwe,4,94,-1,43.14,-1,-1,-1,-1,-1,-1
Arshad Ayub,02/08/1958,India,13,107,610.3,35.07,0,2.36,89.34,41.5,31.7,26.8
Arshad Khan,22/03/1971,Pakistan,9,2121,423,30,0,2.27,79.31,37.5,46.9,15.6
"Arthurton, Keith L T",21/02/1965,West Indies,33,95,78.5,183,0,2.32,473,0,100,0
"Arun, Bharathi",14/12/1962,India,2,96,42,29,0,2.76,63,50,25,25
Arun Lal,01/08/1955,India,16,970,2.4,-1,0,2.63,-1,-1,-1,-1
Asad Shafiq,28/01/1986,Pakistan,41,3798,14,51,0,3.64,84,0,100,0
Ashfaq Ahmed,06/06/1973,Pakistan,1,1994,23,26.5,0,2.3,69,0,100,0
Ashraf Ali,22/04/1958,Pakistan,8,37,-1,45.8,-1,-1,-1,-1,-1,-1
"Ashwin, Ravichandran",17/09/1986,India,32,3788,1537.2,25.4,4,2.91,52.41,33,34.1,33
"Asif Mujtaba, Mohammad",04/11/1967,Pakistan,25,1231,111,75.75,0,2.73,166.5,25,75,0
Asim Kamal,31/05/1976,Pakistan,12,3137,-1,37.74,-1,-1,-1,-1,-1,-1
"Astle, Nathan J",15/09/1971,New Zealand,81,2046,948,42.02,0,2.26,111.53,29.4,47.1,23.5
"Astle, Todd D",24/09/1986,New Zealand,1,3978,31,97,0,3.13,186,0,100,0
"Atapattu, Marvan S",22/11/1972,Sri Lanka,90,100,8,24,0,3,48,0,100,0
Ata-Ur-Rehman,28/03/1975,Pakistan,13,1799,328.5,34.55,0,3.26,63.65,45.2,41.9,12.9
"Atherton, Michael A",23/05/1968,England,115,101,68,151,0,4.44,204,0,100,0
"Athey, Charles W J",27/09/1957,England,23,102,-1,22.98,-1,-1,-1,-1,-1,-1
Atif Rauf,03/03/1964,Pakistan,1,1974,-1,12.5,-1,-1,-1,-1,-1,-1
Atiq-Uz-Zaman,20/07/1975,Pakistan,1,2214,-1,13,-1,-1,-1,-1,-1,-1
"Austin, Ryan A",15/11/1981,West Indies,2,3709,54.2,77.5,0,2.85,163,0,100,0
"Azad, Kirtivardhan",02/01/1959,India,7,108,125,124.33,0,2.98,250,100,0,0
Azam Khan,01/03/1969,Pakistan,1,2070,-1,14,-1,-1,-1,-1,-1,-1
Azeem Hafeez,29/07/1963,Pakistan,18,684,725.1,34.98,0,3.04,69.06,31.7,42.9,25.4
Azhar Ali,19/02/1985,Pakistan,45,3816,57,53.5,0,3.75,85.5,50,25,25
Azhar Khan,07/09/1955,Pakistan,1,927,3,2,0,0.67,18,0,100,0
Azhar Mahmood,28/02/1975,Pakistan,21,2113,502.3,35.95,0,2.79,77.31,30.8,38.5,30.8
"Azharuddin, Mohammad",08/02/1963,India,99,109,2.1,-1,0,7.38,-1,-1,-1,-1
"Bacher, Adam M",29/10/1973,South Africa,19,2086,1,-1,0,4,-1,-1,-1,-1
"Badani, Hemang K",14/11/1976,India,4,2625,8,-1,0,2.13,-1,-1,-1,-1
"Badrinath, Subramaniam",30/08/1980,India,2,3608,-1,21,-1,-1,-1,-1,-1,-1
"Bahutule, Sairaj V",06/01/1973,India,2,2626,61,67.67,0,3.33,122,0,100,0
"Bailey, George J",07/09/1982,Australia,5,3929,-1,26.14,-1,-1,-1,-1,-1,-1
"Bailey, Robert J",28/10/1963,England,4,116,-1,14.88,-1,-1,-1,-1,-1,-1
"Bairstow, Jonathan M",26/09/1989,England,21,3900,-1,28.38,-1,-1,-1,-1,-1,-1
"Baker, Lionel S",06/09/1984,West Indies,4,3627,110,79,0,3.59,132,40,60,0
"Balaji, Lakshmipathy",27/09/1981,India,8,3057,292.4,37.19,0,3.43,65.04,44.4,37,18.5
"Ballance, Gary S",22/11/1989,England,15,4234,2,-1,0,2.5,-1,-1,-1,-1
"Bandara, C Malinga",31/12/1979,Sri Lanka,8,2144,192,39.56,0,3.3,72,18.8,56.3,25
"Bandarathilake, M R C Niroshan",16/05/1975,Sri Lanka,7,2143,287,30.35,0,2.43,74.87,34.8,47.8,17.4
"Banerjee, Subroto T",13/02/1969,India,1,124,18,15.67,0,2.61,36,66.7,33.3,0
"Bangar, Sanjay B",11/10/1972,India,12,2999,127,49,0,2.7,108.86,28.6,57.1,14.3
"Banks, Omari A C",01/01/1978,West Indies,10,3115,400.1,48.82,0,3.42,85.75,25,57.1,17.9
"Baptiste, Eldine A E",12/03/1960,West Indies,10,129,227,35.19,0,2.48,85.13,31.3,50,18.8
"Barath, Adrian B",14/04/1990,West Indies,15,3739,1,-1,0,4,-1,-1,-1,-1
"Barnett, Kim J",17/07/1960,England,4,144,6,-1,0,5.33,-1,-1,-1,-1
Basit Ali,13/12/1970,Pakistan,19,38,1,-1,0,6,-1,-1,-1,-1
"Batty, Gareth J",13/10/1977,England,7,3064,232.2,66.64,0,3.15,126.73,27.3,45.5,27.3
"Baugh, Carlton S",23/06/1982,West Indies,21,3113,-1,17.94,-1,-1,-1,-1,-1,-1
"Bavuma, Temba",17/05/1990,South Africa,6,4370,-1,24.17,-1,-1,-1,-1,-1,-1
Bazid Khan,25/03/1981,Pakistan,1,3230,-1,16,-1,-1,-1,-1,-1,-1
"Beer, Michael A",09/06/1984,Australia,2,3843,67.4,59.33,0,2.63,135.33,33.3,66.7,0
"Bell, Ian R",11/04/1982,England,118,3207,18,76,0,4.22,108,0,100,0
"Bell, Matthew D",25/02/1977,New Zealand,18,2163,-1,24.3,-1,-1,-1,-1,-1,-1
"Benjamin, Joseph E",02/02/1961,England,1,1997,28,20,0,2.86,42,25,25,50
"Benjamin, Kenneth C G",08/04/1967,West Indies,26,168,855.2,30.27,1,3.26,55.78,32.6,41.3,26.1
"Benjamin, Winston K M",31/12/1964,West Indies,21,169,615.4,27.02,0,2.68,60.56,27.9,50.8,21.3
"Benn, Sulieman J",22/07/1981,West Indies,26,3543,1220.1,39.1,0,2.79,84.15,27.6,42.5,29.9
"Bennett, Hamish K",22/02/1987,New Zealand,1,3829,15,-1,0,3.13,-1,-1,-1,-1
"Bennett, Murray J",06/10/1956,Australia,3,170,110.5,54.17,0,2.93,110.83,16.7,50,33.3
"Benson, Mark R",06/07/1958,England,1,171,-1,25.5,-1,-1,-1,-1,-1,-1
"Bernard, David E",19/07/1981,West Indies,3,3112,43,46.25,0,4.3,64.5,75,25,0
"Bess, Brandon J",13/12/1987,West Indies,1,3800,13,92,0,7.08,78,0,100,0
"Best, Carlisle A",14/05/1959,West Indies,8,173,5,-1,0,4.2,-1,-1,-1,-1
"Best, Tino L",26/08/1981,West Indies,25,3114,619.2,40.19,0,3.7,65.19,38.6,43.9,17.5
"Bevan, Michael G",08/05/1970,Australia,18,2002,214.1,24.24,1,3.28,44.31,13.8,34.5,51.7
"Bhardwaj, Vijay R R",15/08/1975,India,3,2188,41.1,107,0,2.6,247,0,0,100
"Bhat, Adwai R",16/04/1958,India,2,176,73,37.75,0,2.07,109.5,0,100,0
"Bichel, Andrew J",27/08/1970,Australia,19,2089,556,32.24,0,3.36,57.52,19,51.7,29.3
"Bicknell, Martin P",14/01/1969,England,4,177,180,38.79,0,3.02,77.14,28.6,50,21.4
Bilawal Bhatti,17/09/1991,Pakistan,2,4250,73,47.67,0,3.92,73,33.3,50,16.7
"Binny, Roger M H",19/07/1955,India,27,181,478.2,32.64,0,3.21,61.06,40.4,27.7,31.9
"Binny, Stuart T R",03/06/1984,India,6,4089,75,86,0,3.44,150,33.3,66.7,0
"Bird, Jackson M",11/12/1986,Australia,3,3992,105.3,23.31,0,2.87,48.69,38.5,23.1,38.5
"Bishoo, Devendra",06/11/1985,West Indies,15,3852,668.1,38.05,0,3.13,72.89,20,47.3,32.7
"Bishop, Ian R",24/10/1967,West Indies,43,185,1411.1,24.29,0,2.77,52.59,36,35.4,28.6
"Black, Marlon I",07/06/1975,West Indies,6,2250,159,49.75,0,3.75,79.5,41.7,33.3,25
"Blackwell, Ian D",10/06/1978,England,1,3045,19,-1,0,3.74,-1,-1,-1,-1
"Blackwood, Jermaine",20/11/1991,West Indies,14,4312,38.3,78.5,0,4.08,115.5,0,100,0
"Blain, Tony E",17/02/1962,New Zealand,11,190,-1,26.82,-1,-1,-1,-1,-1,-1
"Blakey, Richard J",15/01/1967,England,2,192,-1,1.75,-1,-1,-1,-1,-1,-1
"Blewett, Gregory S",29/10/1971,Australia,46,2013,239.2,51.43,0,3.01,102.57,42.9,50,7.1
"Blignaut, Arnoldus M",01/08/1978,Zimbabwe,19,2637,529,37.06,0,3.71,59.89,32.1,28.3,39.6
"Boje, Nico",20/03/1973,South Africa,43,2210,1436.4,42.65,0,2.97,86.2,33,46,21
"Bollinger, Douglas E",24/07/1981,Australia,12,3631,400.1,25.92,0,3.24,48.02,40,34,26
"Bond, Shane E",07/06/1975,New Zealand,18,2996,562,22.09,1,3.42,38.76,37.9,44.8,17.2
"Boon, David C",29/12/1960,Australia,107,205,6,-1,0,2.33,-1,-1,-1,-1
"Bopara, Ravinda S",04/05/1985,England,13,3460,72.2,290,0,4.01,434,0,100,0
"Border, Allan R",27/07/1955,Australia,156,209,651.5,39.1,1,2.28,102.79,35.9,35.9,28.2
"Borthwick, Scott G",19/04/1990,England,1,3882,13,20.5,0,6.31,19.5,25,25,50
"Bosch, Tertius",14/03/1966,South Africa,1,211,39.3,34.67,0,2.63,79,66.7,0,33.3
"Botha, Johan",02/05/1982,South Africa,5,3329,169.3,33.71,0,3.38,59.82,23.5,58.8,17.6
"Botham, Ian T",24/11/1955,England,102,212,3549.3,28.4,4,2.99,56.96,30.8,38.4,30.8
"Boucher, Mark V",03/12/1976,South Africa,147,2116,1.2,6,0,4.5,8,0,100,0
"Boult, Trent A",22/07/1989,New Zealand,37,3924,1344.4,28.28,1,2.99,56.82,39.4,31.7,28.9
"Bracewell, Brendon P",14/09/1959,New Zealand,6,220,166.2,41.79,0,3.39,74,50,21.4,28.6
"Bracewell, Douglas A J",28/09/1990,New Zealand,24,3911,744.2,37.3,0,3.36,66.66,37.3,38.8,23.9
"Bracewell, John G",15/04/1958,New Zealand,41,221,1400.3,35.81,1,2.61,82.38,28.4,42.2,29.4
"Bracken, Nathan W",12/09/1977,Australia,5,2640,185,42.08,0,2.73,92.5,50,33.3,16.7
"Bradburn, Grant E",26/05/1966,New Zealand,7,222,144.4,76.67,0,3.18,144.67,33.3,50,16.7
"Bradshaw, Ian D R",09/07/1974,West Indies,5,3174,170.1,60,0,3.17,113.44,55.6,33.3,11.1
"Brain, David H",04/10/1964,Zimbabwe,9,226,301.4,30.5,0,3.03,60.33,43.3,26.7,30
"Brandes, Eddo A",05/03/1963,Zimbabwe,10,227,332.4,36.58,0,2.86,76.77,38.5,38.5,23.1
"Brathwaite, Carlos R",18/07/1988,West Indies,1,3908,36,139,0,3.86,216,100,0,0
"Brathwaite, Kraigg C",02/12/1992,West Indies,26,3863,91.1,37,0,3.25,68.38,25,37.5,37.5
"Bravo, Darren M",06/02/1989,West Indies,41,3703,1,-1,0,2,-1,-1,-1,-1
"Bravo, Dwayne J J",07/10/1983,West Indies,40,3166,1077.4,39.84,0,3.18,75.19,32.6,43,24.4
"Breese, Gareth R",09/01/1976,West Indies,1,3053,31.2,67.5,0,4.31,94,0,100,0
"Brent, Gary B",13/01/1976,Zimbabwe,4,2194,136.2,44.86,0,2.3,116.86,42.9,42.9,14.3
"Bresnan, Timothy T",28/02/1985,England,23,3396,779,32.74,0,3.03,64.92,31.9,38.9,29.2
"Briant, Gavin A",11/04/1969,Zimbabwe,1,233,-1,8.5,-1,-1,-1,-1,-1,-1
"Broad, Brian C",29/09/1957,England,25,237,1,-1,0,4,-1,50,50,0
"Broad, Stuart C J",24/06/1986,England,88,3434,3034.2,28.92,2,3.04,57.07,31.9,40.7,27.4
"Brown, Simon J E",29/06/1969,England,1,2063,33,69,0,4.18,99,50,50,0
"Brown, Vaughan R",03/11/1959,New Zealand,2,249,57,176,0,3.09,342,0,0,100
"Browne, Courtney O",07/12/1970,West Indies,20,2020,-1,16.13,-1,-1,-1,-1,-1,-1
"Brownlie, Dean G",30/07/1984,New Zealand,14,3840,11,52,0,4.73,66,100,0,0
"Bruk-Jackson, Glen K",25/04/1969,Zimbabwe,2,1982,-1,9.75,-1,-1,-1,-1,-1,-1
"Burmester, Mark G",24/01/1968,Zimbabwe,3,261,72.4,75.67,0,3.12,145.33,33.3,0,66.7
"Burns, Joseph A",06/09/1989,Australia,7,4369,-1,44.38,-1,-1,-1,-1,-1,-1
"Butchart, Iain P",09/05/1960,Zimbabwe,1,2018,3,-1,0,3.67,-1,-1,-1,-1
"Butcher, Mark A",23/08/1972,England,71,2099,150.1,36.07,0,3.6,60.07,40,26.7,33.3
"Butler, Ian G",24/11/1981,New Zealand,8,3011,228,36.83,0,3.88,57,25,25,50
"Buttler, Joseph C",08/09/1990,England,15,3888,-1,30,-1,-1,-1,-1,-1,-1
"Butts, Clyde G",08/07/1957,West Indies,7,274,259,59.5,0,2.3,155.4,10,70,20
"Caddick, Andrew R",21/11/1968,England,62,278,2259.4,29.91,1,3.1,57.94,38,38,23.9
"Cairns, Christopher L",13/06/1970,New Zealand,62,280,1949.4,29.4,1,3.29,53.66,38.5,30.3,31.2
"Callen, Ian W",02/05/1955,Australia,1,282,55,31.83,0,2.6,73.33,16.7,50,33.3
"Campbell, Alistair D R",23/09/1972,Zimbabwe,60,289,11,-1,0,2.55,-1,-1,-1,-1
"Campbell, Gegory D",10/03/1964,Australia,4,290,158.3,38.69,0,3.17,73.15,23.1,46.2,30.8
"Campbell, Sherwin L",01/11/1970,West Indies,52,2015,-1,32.38,-1,-1,-1,-1,-1,-1
"Capel, David J",06/02/1963,England,15,292,333.2,50.67,0,3.19,95.24,19,66.7,14.3
"Carberry, Michael A",29/09/1980,England,6,3774,-1,28.75,-1,-1,-1,-1,-1,-1
"Carlisle, Stuart V",10/05/1972,Zimbabwe,37,2016,-1,26.92,-1,-1,-1,-1,-1,-1
"Casson, Beau",07/12/1982,Australia,1,3551,32,43,0,4.03,64,33.3,33.3,33.3
"Chakabva, Regis W",20/09/1987,Zimbabwe,8,3622,-1,33,-1,-1,-1,-1,-1,-1
"Chameera, P V Dushmantha",11/01/1992,Sri Lanka,4,4380,126.5,28.28,0,4.01,42.28,33.3,33.3,33.3
"Chandana, Umagiliya D U",07/05/1972,Sri Lanka,16,2177,447.3,41.49,1,3.43,72.57,21.6,35.1,43.2
"Chanderpaul, Shivnarine",16/08/1974,West Indies,164,1979,290,98.11,0,3.04,193.33,11.1,44.4,44.4
"Chandimal, L Dinesh",18/11/1989,Sri Lanka,25,3779,-1,45.88,-1,-1,-1,-1,-1,-1
"Chandrika, Rajendra",08/08/1989,West Indies,3,4431,-1,14.5,-1,-1,-1,-1,-1,-1
"Chari, Brian B",14/02/1992,Zimbabwe,2,4336,2,-1,0,4.5,-1,-1,-1,-1
"Chatara, Tendai L",28/02/1991,Zimbabwe,7,3792,241.1,29.25,0,2.43,72.35,35,40,25
"Chattergoon, Sewnarine",03/04/1981,West Indies,4,3358,-1,18.14,-1,-1,-1,-1,-1,-1
"Chauhan, Rajesh K",19/12/1966,India,21,320,791.3,39.51,0,2.35,101.04,34,44.7,21.3
"Chawla, Piyush P",24/12/1988,India,3,3351,82,38.57,0,3.29,70.29,14.3,57.1,28.6
"Chigumbura, Elton",14/03/1986,Zimbabwe,14,3167,301,46,0,3.21,86,33.3,47.6,19
"Chopra, Akash",19/09/1977,India,10,3136,-1,23,-1,-1,-1,-1,-1,-1
"Chopra, Nikhil",26/12/1973,India,1,2212,24,-1,0,3.25,-1,-1,-1,-1
"Clark, Stuart R",28/09/1975,Australia,24,3326,857.4,23.86,0,2.62,54.74,41.5,37.2,21.3
"Clarke, Michael J",02/04/1981,Australia,115,3067,405.5,38.19,0,2.92,78.55,16.1,38.7,45.2
"Clarke, Rikki",29/09/1981,England,2,3123,29,15,0,2.07,43.5,25,75,0
"Collingwood, Paul D",26/05/1976,England,68,2973,317.3,59.88,0,3.21,112.06,11.8,52.9,35.3
"Collins, Pedro T",12/08/1976,West Indies,32,2172,1160.4,34.63,0,3.16,65.7,39.6,32.1,28.3
"Collymore, Corey D",21/12/1977,West Indies,30,2180,1056.1,32.3,1,2.84,68.14,34.4,47.3,18.3
"Commins, John B",19/02/1965,South Africa,3,2011,-1,25,-1,-1,-1,-1,-1,-1
"Compton, Nicholas R D",26/06/1983,England,10,3977,-1,36.06,-1,-1,-1,-1,-1,-1
"Cook, Alastair N",25/12/1984,England,123,3349,3,7,0,2.33,18,0,0,100
"Cook, Nicholas G B",17/06/1956,England,15,358,695.4,32.48,1,2.43,80.27,38.5,26.9,34.6
"Cook, Simon H",29/01/1972,Australia,2,2119,37.2,20.29,0,3.8,32,14.3,28.6,57.1
"Copeland, Trent A",14/03/1986,Australia,3,3886,108,37.83,0,2.1,108,33.3,66.7,0
"Cork, Dominic G",07/08/1971,England,37,2024,1279.4,29.82,0,3.05,58.61,38.2,38.9,22.9
"Cottrell, Sheldon S",19/08/1989,West Indies,2,4249,46,98,0,4.26,138,100,0,0
"Coventry, Charles K",08/03/1983,Zimbabwe,2,3128,-1,22,-1,-1,-1,-1,-1,-1
"Cowan, Edward J M",16/06/1982,Australia,18,3926,-1,31.28,-1,-1,-1,-1,-1,-1
"Cowans, Norman G",17/04/1961,England,19,373,575.2,39.27,0,3.48,67.69,41.2,45.1,13.7
"Cowdrey, Christopher S",20/10/1957,England,6,374,66.3,77.25,0,4.65,99.75,25,75,0
"Craig, Mark D",23/03/1987,New Zealand,13,4308,529.1,44.22,1,3.84,69.02,30.4,34.8,34.8
"Crawley, John P",21/09/1971,England,37,1996,-1,34.62,-1,-1,-1,-1,-1,-1
"Cremer, Alexander G",19/09/1986,Zimbabwe,11,3246,269.2,45.63,0,4.07,67.33,16.7,41.7,41.7
"Crocker, Gary J",16/05/1962,Zimbabwe,3,389,76,72.33,0,2.86,152,66.7,33.3,0
"Croft, Robert D B",25/05/1970,England,21,2064,769.5,37.24,0,2.37,94.27,34.7,34.7,30.6
"Cronje, Wessel J",25/09/1969,South Africa,68,392,633.2,29.95,0,2.03,88.37,14,55.8,30.2
"Crowe, Jeffrey J",14/09/1958,New Zealand,39,393,3,-1,0,3,-1,-1,-1,-1
"Crowe, Martin D",22/09/1962,New Zealand,77,394,229.3,48.29,0,2.95,98.36,57.1,35.7,7.1
"Cuffy, Cameron E",08/02/1970,West Indies,15,2007,561,33.84,0,2.59,78.28,23.3,41.9,34.9
"Cullen, Daniel J",10/04/1984,Australia,1,3356,14,54,0,3.86,84,0,0,100
"Cullinan, Daryll J",04/03/1967,South Africa,70,395,20,35.5,0,3.55,60,0,0,100
"Cumming, Craig D",31/08/1975,New Zealand,11,3153,-1,25.94,-1,-1,-1,-1,-1,-1
"Cummins, Anderson C",07/05/1966,West Indies,5,396,103,42.75,0,3.32,77.25,0,75,25
"Cummins, Patrick J",08/05/1993,Australia,1,3909,44,16.71,0,2.66,37.71,28.6,28.6,42.9
"Curtis, Timothy S",15/01/1960,England,5,399,3,-1,0,2.33,-1,-1,-1,-1
"Dabengwa, Keith M",17/08/1980,Zimbabwe,3,3294,73,49.8,0,3.41,87.6,0,40,60
"Dahiya, Vijay",10/05/1973,India,2,2247,-1,-1,-1,-1,-1,-1,-1,-1
"Dale, Adam C",30/12/1968,Australia,2,2140,58,31.17,0,3.22,58,33.3,50,16.7
"Dalpat, Anil",20/09/1963,Pakistan,9,405,-1,15.18,-1,-1,-1,-1,-1,-1
"Daniel, Wayne W",16/01/1956,West Indies,10,409,292.2,25.28,0,3.11,48.72,19.4,38.9,41.7
"Darling, Warrick M",01/05/1957,Australia,14,412,-1,26.81,-1,-1,-1,-1,-1,-1
"Das, Shiv S",05/11/1977,India,23,2243,11,-1,0,3.18,-1,-1,-1,-1
"Dasgupta, Deep",07/06/1977,India,8,2989,-1,28.67,-1,-1,-1,-1,-1,-1
"Dassanayake, Pubudu B",11/07/1970,Sri Lanka,11,1970,-1,13.07,-1,-1,-1,-1,-1,-1
"Davis, Heath Te-Ihi-O-Te-Ra",30/11/1971,New Zealand,5,1992,168.2,29.35,0,2.96,59.41,11.8,52.9,35.3
"Davis, Simon P",08/11/1959,Australia,1,418,25,-1,0,2.8,-1,-1,-1,-1
"Davis, Winston W",18/09/1958,West Indies,15,419,462.1,32.71,0,3.18,61.62,26.7,40,33.3
"Dawson, Alan C",27/11/1969,South Africa,2,2663,42,23.4,0,2.79,50.4,40,20,40
"Dawson, Richard K J",04/08/1980,England,7,3002,186,61.55,0,3.64,101.45,36.4,36.4,27.3
"De Alwis, Ronald G",15/02/1959,Sri Lanka,11,422,-1,8,-1,-1,-1,-1,-1,-1
"de Bruyn, Zander",05/07/1975,South Africa,3,3235,36,30.67,0,2.56,72,0,100,0
"De Freitas, Phillip A J",18/02/1966,England,44,425,1639.4,33.57,0,2.87,70.27,39.3,35.7,25
"De Groen, Richard P",05/08/1962,New Zealand,5,426,176.4,45.91,0,2.86,96.36,27.3,63.6,9.1
"de Kock, Quinton",17/12/1992,South Africa,6,3988,-1,33,-1,-1,-1,-1,-1,-1
"de Lange, Marchant",13/10/1990,South Africa,2,3927,74.4,30.78,0,3.71,49.78,22.2,33.3,44.4
"De Mel, Ashantha L F",09/05/1959,Sri Lanka,17,427,586.2,36.95,0,3.72,59.63,45.8,39,15.3
"De Saram, Samantha I",02/09/1973,Sri Lanka,4,2196,-1,23.4,-1,-1,-1,-1,-1,-1
"de Silva, Ashley M",03/12/1963,Sri Lanka,3,428,-1,3.33,-1,-1,-1,-1,-1,-1
"De Silva, Ellawalakankanamage",28/03/1956,Sri Lanka,10,430,388,129,0,2.66,291,37.5,50,12.5
"de Silva, Karunakalage S C",11/01/1971,Sri Lanka,8,2096,264.1,55.56,0,3.37,99.06,43.8,18.8,37.5
"de Silva, Pinnaduwage A",17/10/1965,Sri Lanka,93,432,432.3,41.66,0,2.79,89.48,27.6,51.7,20.7
"de Silva, Sanjeewa K L",29/07/1975,Sri Lanka,3,2120,-1,18,-1,-1,-1,-1,-1,-1
"de Silva, Weddikkara R S",11/10/1979,Sri Lanka,3,3027,72,19,0,2.9,39.27,36.4,36.4,27.3
"de Villiers, Abraham B",17/02/1984,South Africa,103,3241,34,52,0,3.06,102,0,0,100
"De Villiers, Petrus S",13/10/1964,South Africa,18,433,800.5,24.25,2,2.57,56.53,45.9,22.4,31.8
"de Wet, Friedel",26/06/1980,South Africa,2,3744,71,31,0,2.62,71,50,33.3,16.7
"Dekker, Mark H",05/12/1969,Zimbabwe,14,1983,10,-1,0,1.5,-1,-1,-1,-1
"Deonarine, Narsingh",08/08/1983,West Indies,18,3276,250.3,29.71,0,2.85,62.63,25,54.2,20.8
"Dhanraj, Rajindra",06/02/1969,West Indies,4,2008,161.1,74.38,0,3.69,120.88,0,62.5,37.5
"Dharmasena, Handunettige D P K",24/04/1971,Sri Lanka,31,1971,1156.3,42.32,0,2.52,100.57,31.9,40.6,27.5
"Dhawan, Shikhar",05/12/1985,India,19,3832,9,-1,0,2,-1,-1,-1,-1
"Dhoni, Mahendra S",07/07/1981,India,90,3243,16,-1,0,4.19,-1,-1,-1,-1
"Dickwella, D P D Niroshan",23/06/1993,Sri Lanka,4,4316,-1,20.57,-1,-1,-1,-1,-1,-1
"Dighe, Sameer S",08/10/1968,India,6,2670,-1,15.67,-1,-1,-1,-1,-1,-1
"Dilley, Graham R",18/05/1959,England,41,450,1365.2,29.76,0,3.01,59.36,41.3,32.6,26.1
"Dillon, Merwyn V",05/06/1974,West Indies,38,2097,1450.4,33.57,0,3.03,66.44,35.1,38.2,26.7
"Dilshan, Tillekeratne M",14/10/1976,Sri Lanka,87,2197,564.1,43.87,0,3.03,86.79,25.6,41,33.3
"Dippenaar, Hendrik H",14/06/1977,South Africa,38,2190,2,-1,0,0.5,-1,-1,-1,-1
"Dodemaide, Anthony I C",05/10/1963,Australia,10,454,364,28.03,0,2.62,64.24,29.4,41.2,29.4
"Doherty, Xavier J",22/11/1982,Australia,4,3834,153,78.29,0,3.58,131.14,14.3,28.6,57.1
"Donald, Allan A",20/10/1966,South Africa,72,458,2586.3,22.25,3,2.84,47.03,39.1,34.8,26.1
"Doolan, Alexander J",29/11/1985,Australia,4,4265,-1,23.88,-1,-1,-1,-1,-1,-1
"Doull, Simon B",06/08/1969,New Zealand,32,464,1008.5,29.31,0,2.85,61.77,45.9,35.7,18.4
"Dowlin, Travis M",24/02/1977,West Indies,6,3710,1,-1,0,3,-1,-1,-1,-1
"Downton, Paul R",04/04/1957,England,30,468,-1,19.63,-1,-1,-1,-1,-1,-1
"Dowrich, Shane O",30/10/1991,West Indies,2,4427,-1,25.5,-1,-1,-1,-1,-1,-1
"Drakes, Vasbert C",05/08/1969,West Indies,12,2672,436.1,41.27,0,3.12,79.3,45.5,36.4,18.2
"Dravid, Rahul",11/01/1973,India,164,2060,20,39,0,1.95,120,0,100,0
"Drum, Christopher J",10/07/1974,New Zealand,5,2673,134.2,30.13,0,3.59,50.38,43.8,37.5,18.8
"du Plessis, Francois",13/07/1984,South Africa,27,3847,13,-1,0,5.31,-1,-1,-1,-1
"Duffin, Terrence",20/03/1982,Zimbabwe,2,3324,-1,20,-1,-1,-1,-1,-1,-1
"Dujon, Peter J L",28/05/1956,West Indies,81,477,-1,31.94,-1,-1,-1,-1,-1,-1
"Duminy, Jean-Paul",14/04/1984,South Africa,33,3208,382,37.69,0,3.55,63.67,36.1,38.9,25
"Dunusinghe, Chamara I",19/10/1970,Sri Lanka,5,2022,-1,16,-1,-1,-1,-1,-1,-1
"Dyer, Gregory C",16/03/1959,Australia,6,487,-1,21.83,-1,-1,-1,-1,-1,-1
"Ealham, Mark A",27/08/1969,England,8,2061,176.4,28.71,0,2.76,62.35,0,58.8,41.2
"Ebrahim, Dion D",07/08/1980,Zimbabwe,29,2961,-1,22.7,-1,-1,-1,-1,-1,-1
"Edgar, Bruce A",23/11/1956,New Zealand,39,493,3,-1,0,1,-1,-1,-1,-1
"Edwards, Fidel H",06/02/1982,West Indies,55,3125,1601.1,37.87,0,3.9,58.22,39.4,35.8,24.8
"Edwards, Graham N",27/05/1955,New Zealand,8,497,-1,25.13,-1,-1,-1,-1,-1,-1
"Edwards, Kirk A",03/11/1984,West Indies,17,3853,4,-1,0,4.75,-1,-1,-1,-1
Ehsan Adil,15/03/1993,Pakistan,3,4003,80.1,52.6,0,3.28,96.2,60,40,0
Ehsanul Haque,01/12/1979,Bangladesh,1,3024,3,-1,0,6,-1,-1,-1,-1
"Eksteen, Clive E",02/12/1966,South Africa,7,1973,256,61.75,0,1.93,192,0,75,25
"Elgar, Dean",11/06/1987,South Africa,22,3968,128.1,42.91,0,3.68,69.91,27.3,54.5,18.2
Elias Sunny,01/01/1986,Bangladesh,4,3915,143.5,43.17,0,3.6,71.92,41.7,58.3,0
"Elliott, Grant D",21/03/1979,New Zealand,5,3541,47,35,0,2.98,70.5,0,75,25
"Elliott, Matthew T G",28/09/1971,Australia,21,2075,2,-1,0,2,-1,-1,-1,-1
"Ellison, Richard M",21/09/1959,England,11,508,377.2,29.94,1,2.78,64.69,25.7,42.9,31.4
"Elworthy, Steven",23/02/1965,South Africa,4,2147,144.3,34.15,0,3.07,66.69,46.2,46.2,7.7
"Emery, Philip A",25/06/1964,Australia,1,2004,-1,-1,-1,-1,-1,-1,-1,-1
Enamul Haque,05/12/1986,Bangladesh,15,3139,591.3,40.61,1,3.02,80.66,25,45.5,29.5
Enamul Haque,27/02/1966,Bangladesh,10,2677,371.4,57.06,0,2.76,123.89,22.2,50,27.8
"Eranga, R M Shaminda",23/06/1986,Sri Lanka,16,3880,561.5,34.88,0,3.23,64.83,36.5,34.6,28.8
"Ervine, Craig R",19/08/1985,Zimbabwe,7,3780,-1,23.83,-1,-1,-1,-1,-1,-1
"Ervine, Sean M",06/12/1982,Zimbabwe,5,2990,95,43.11,0,4.08,63.33,44.4,33.3,22.2
"Evans, Craig Neil",29/11/1969,Zimbabwe,3,2065,9,-1,0,3.89,-1,-1,-1,-1
"Ewing, Gavin M",21/10/1981,Zimbabwe,3,3138,71,130,0,3.66,213,0,50,50
Fahim Muntasir,01/11/1980,Bangladesh,3,2997,96,68.4,0,3.56,115.2,40,40,20
"Fairbrother, Neil H",09/09/1963,England,10,520,2,-1,0,4.5,-1,-1,-1,-1
Faisal Hossain,01/01/1980,Bangladesh,1,3175,-1,3.5,-1,-1,-1,-1,-1,-1
Faisal Iqbal,30/12/1981,Pakistan,26,2261,1,-1,0,7,-1,-1,-1,-1
Farhan Adil,25/09/1977,Pakistan,1,3133,-1,16.5,-1,-1,-1,-1,-1,-1
Farrukh Zaman,02/04/1956,Pakistan,1,1963,10,-1,0,1.13,-1,-1,-1,-1
"Faulkner, James P",29/04/1990,Australia,1,3930,27.4,16.33,0,3.54,27.67,33.3,33.3,33.3
Fawad Alam,08/10/1985,Pakistan,3,3468,-1,41.67,-1,-1,-1,-1,-1,-1
Fazl-E-Akbar,20/10/1980,Pakistan,5,2130,147,46.45,0,3.48,80.18,63.6,27.3,9.1
"Fernando, Conganige R D",19/07/1979,Sri Lanka,40,2223,1030.1,37.84,0,3.67,61.81,49,32,19
"Fernando, Ellukutige R N S",19/12/1955,Sri Lanka,5,535,-1,11.2,-1,-1,-1,-1,-1,-1
"Fernando, Kandage H R K",14/10/1979,Sri Lanka,2,3033,39,27,0,2.77,58.5,75,25,0
"Fernando, Kandana A D M",10/05/1979,Sri Lanka,2,3146,21,107,0,5.1,126,100,0,0
"Fernando, Thudellage C B",22/08/1980,Sri Lanka,9,2992,211.4,44,0,3.74,70.56,22.2,50,27.8
"Ferreira, Neil",03/06/1979,Zimbabwe,1,3293,-1,10.5,-1,-1,-1,-1,-1,-1
"Finn, Steven T",04/04/1989,England,27,3775,826.3,27.96,0,3.62,46.35,31.8,42.1,26.2
"Fleming, Damien W",24/04/1970,Australia,20,2003,688.1,25.89,0,2.82,55.05,37.3,37.3,25.3
"Fleming, Stephen P",01/04/1973,New Zealand,111,1977,-1,40.07,-1,-1,-1,-1,-1,-1
"Flintoff, Andrew",06/12/1977,England,79,2148,2491.5,32.79,0,2.97,66.15,30.5,45.1,24.3
"Flower, Andrew",28/04/1968,Zimbabwe,63,549,0.3,-1,0,8,-1,-1,-1,-1
"Flower, Grant W",20/12/1970,Zimbabwe,67,550,563,61.48,0,2.73,135.12,28,40,32
"Flynn, Daniel R",16/04/1985,New Zealand,24,3533,1,-1,0,0,-1,-1,-1,-1
"Foster, James S",15/04/1980,England,7,2986,-1,25.11,-1,-1,-1,-1,-1,-1
"Foster, Neil A",06/05/1962,England,29,556,1043.3,32.85,1,2.77,71.15,45.5,37.5,17
"Fowler, Graeme",20/04/1957,England,21,559,3,-1,0,3.67,-1,-1,-1,-1
"Franklin, James E C",07/11/1980,New Zealand,31,2263,794.3,33.98,0,3.51,58.13,30.5,42.7,26.8
"Franklin, Trevor J",18/03/1962,New Zealand,21,566,-1,23,-1,-1,-1,-1,-1,-1
"Fraser, Angus R C",08/08/1965,England,46,567,1812.4,27.32,2,2.67,61.45,28.2,41.8,29.9
"French, Bruce N",13/08/1959,England,16,574,-1,18.12,-1,-1,-1,-1,-1,-1
"Friend, Travis J",07/01/1981,Zimbabwe,13,2690,333.2,43.6,0,3.27,80,52,32,16
"Fudadin, Assad B",01/08/1985,West Indies,3,3954,5,-1,0,2.2,-1,-1,-1,-1
"Fulton, Peter G",01/02/1979,New Zealand,23,3233,-1,25.45,-1,-1,-1,-1,-1,-1
"Gabriel, Shannon T",28/04/1988,West Indies,16,3952,365.3,37.68,0,3.5,64.5,29.4,41.2,29.4
"Gallage, Indika S",22/11/1975,Sri Lanka,1,2195,25,-1,0,3.08,-1,-1,-1,-1
"Gallian, Jason E R",25/06/1971,England,3,2026,14,-1,0,4.43,-1,-1,-1,-1
"Gambhir, Gautam",14/10/1981,India,56,3107,2,-1,0,2,-1,-1,-1,-1
"Gandhi, Devang J",06/09/1971,India,4,2186,-1,34,-1,-1,-1,-1,-1,-1
"Ganesh, Doddanarasiah",30/06/1973,India,4,2087,76.5,57.4,0,3.74,92.2,60,40,0
"Ganga, Darren",14/01/1979,West Indies,48,2162,31,106,0,3.42,186,0,100,0
"Ganguly, Sourav C",08/07/1972,India,113,2059,519.3,52.53,0,3.24,97.41,34.4,37.5,28.1
"Garrick, Leon V",11/11/1976,West Indies,1,2967,-1,13.5,-1,-1,-1,-1,-1,-1
"Gatting, Michael W",06/06/1957,England,79,593,125,79.25,0,2.53,188,0,75,25
"Gayle, Christopher H",21/09/1979,West Indies,103,2217,1184.5,42.74,0,2.63,97.38,26,31.5,42.5
"George, Peter R",16/10/1986,Australia,1,3825,28,38.5,0,2.75,84,0,50,50
"Germon, Lee K",04/11/1968,New Zealand,12,2037,-1,21.22,-1,-1,-1,-1,-1,-1
"Gibbs, Herschelle H",23/02/1974,South Africa,90,2080,1,-1,0,4,-1,-1,-1,-1
"Gibson, Ottis D",16/03/1969,West Indies,2,2025,78.4,91.67,0,3.5,157.33,66.7,0,33.3
"Giddins, Edward S H",20/07/1971,England,4,2184,74,20,0,3.24,37,16.7,58.3,25
"Gilbert, David R",29/12/1960,Australia,9,610,274.3,52.69,0,3.07,102.94,62.5,18.8,18.8
"Gilchrist, Adam C",14/11/1971,Australia,96,2192,-1,47.61,-1,-1,-1,-1,-1,-1
"Giles, Ashley F",19/03/1973,England,54,2146,2030,40.6,0,2.86,85.17,30.8,42,27.3
"Gillespie, Jason N",19/04/1975,Australia,71,2082,2372.2,26.14,0,2.85,54.96,37.5,38.6,23.9
"Gillespie, Mark R",17/10/1979,New Zealand,5,3452,144.4,28.68,0,4.36,39.45,9.1,59.1,31.8
"Gillespie, Stuart R",02/03/1957,New Zealand,1,612,27,79,0,2.93,162,100,0,0
"Goodwin, Murray W",11/12/1972,Zimbabwe,19,2125,19.5,-1,0,3.48,-1,-1,-1,-1
"Goonasekera, Yohan",08/11/1957,Sri Lanka,2,628,-1,12,-1,-1,-1,-1,-1,-1
"Gough, Darren",18/09/1970,England,58,1995,1970.1,28.4,0,3.3,51.62,38.4,33.2,28.4
"Gower, David I",01/04/1957,England,117,634,6,20,0,3.33,36,0,0,100
"Gray, Anthony H",23/05/1963,West Indies,5,643,148,17.14,0,2.55,40.36,22.7,45.5,31.8
"Greatbatch, Mark J",11/12/1963,New Zealand,41,645,1,-1,0,0,-1,-1,-1,-1
"Greenidge, Alvin E",20/08/1956,West Indies,6,647,-1,22.2,-1,-1,-1,-1,-1,-1
"Greig, Ian A",08/12/1955,England,2,1988,31.2,28.5,0,3.64,47,25,25,50
"Griffith, Adrian F G",19/11/1971,West Indies,14,2088,-1,24.54,-1,-1,-1,-1,-1,-1
"Gripper, Trevor R",28/12/1975,Zimbabwe,20,2189,132.1,84.83,0,3.85,132.17,33.3,66.7,0
"Gunawardene, Dihan A",26/05/1977,Sri Lanka,6,2175,-1,16.45,-1,-1,-1,-1,-1,-1
"Guneratne, Roshan P W",26/01/1962,Sri Lanka,1,673,17,-1,0,4.94,-1,-1,-1,-1
"Guptill, Martin J",30/09/1986,New Zealand,38,3633,58.2,53,0,4.54,70,60,20,20
Gursharan Singh,08/03/1963,India,1,1606,-1,18,-1,-1,-1,-1,-1,-1
"Gurusinha, Asanka P",16/09/1966,Sri Lanka,41,679,234.4,34.05,0,2.9,70.4,25,50,25
"Habib, Aftab",07/02/1972,England,2,2181,-1,8.67,-1,-1,-1,-1,-1,-1
Habibul Bashar,17/08/1972,Bangladesh,50,2235,47,-1,0,4.62,-1,-1,-1,-1
"Haddin, Bradley J",23/10/1977,Australia,66,2707,-1,32.99,-1,-1,-1,-1,-1,-1
"Hales, Alexander D",03/01/1989,England,1,3887,-1,18,-1,-1,-1,-1,-1,-1
"Hall, Andrew J",31/07/1975,South Africa,21,2710,500.1,35.93,0,3.23,66.69,22.2,33.3,44.4
"Hamilton, Gavin M",16/09/1974,England,1,2199,15,-1,0,4.2,-1,-1,-1,-1
Hannan Sarkar,01/12/1982,Bangladesh,17,3026,-1,20.06,-1,-1,-1,-1,-1,-1
Harbhajan Singh,03/07/1980,India,103,2138,4763.2,32.46,5,2.84,68.54,25.4,38.4,36.2
"Harmer, Simon R",10/02/1989,South Africa,5,4372,191.2,29.4,0,3.07,57.4,30,40,30
"Harmison, Stephen J",23/10/1978,England,63,3037,2229.1,31.82,1,3.23,59.18,31,36.7,32.3
"Harper, Roger A",17/03/1963,West Indies,25,707,602.3,28.07,0,2.14,78.59,26.1,47.8,26.1
"Harris, Christopher Z",20/11/1969,New Zealand,23,708,426.4,73.13,0,2.74,160,31.3,56.3,12.5
"Harris, Paul L",02/11/1978,South Africa,37,3453,1468.1,37.87,0,2.66,85.52,29.1,45.6,25.2
"Harris, Ryan J",10/10/1979,Australia,27,3638,956,23.52,0,2.78,50.76,35.4,37.2,27.4
"Hart, Matthew N",16/05/1972,New Zealand,14,1975,514.2,49.59,0,2.8,106.41,31,31,37.9
"Hart, Robert G",02/12/1974,New Zealand,11,3020,-1,16.25,-1,-1,-1,-1,-1,-1
"Hartland, Blair R",22/10/1966,New Zealand,9,717,-1,16.83,-1,-1,-1,-1,-1,-1
Harvinder Singh,23/12/1977,India,3,2133,45.3,46.25,0,4.07,68.25,50,0,50
Hasan Raza,01/03/1982,Pakistan,7,2071,1,-1,0,1,-1,-1,-1,-1
Hasibul Hussain,03/06/1977,Bangladesh,5,2241,130,95.17,0,4.39,130,83.3,16.7,0
"Haslam, Mark J",26/09/1972,New Zealand,4,722,82.1,122.5,0,2.98,246.5,0,0,100
"Hastings, John W",04/11/1985,Australia,1,3831,39,153,0,3.92,234,0,100,0
"Hathurusinghe, Upul C",13/09/1968,Sri Lanka,26,728,327,46.41,0,2.41,115.41,47.1,41.2,11.8
"Hauritz, Nathan M",18/10/1981,Australia,17,3016,700,34.98,0,3.15,66.67,27,34.9,38.1
"Hayden, Matthew L",29/10/1971,Australia,103,1976,9,-1,0,4.44,-1,-1,-1,-1
"Haynes, Desmond L",15/02/1956,West Indies,116,734,3,8,0,2.67,18,0,0,100
"Hayward, Mornantau",06/03/1977,South Africa,16,2202,470.1,29.8,0,3.42,52.24,37,33.3,29.6
"Hazlewood, Josh R",08/01/1991,Australia,14,3799,482.5,24.13,0,3,48.28,31.7,40,28.3
"Headley, Dean W",27/01/1970,England,15,2101,504.2,27.85,0,3.31,50.43,33.3,40,26.7
"Healy, Ian A",30/04/1964,Australia,119,740,-1,27.4,-1,-1,-1,-1,-1,-1
"Hegg, Warren K",23/02/1968,England,2,2160,-1,7.5,-1,-1,-1,-1,-1,-1
"Henderson, Claude W",14/06/1972,South Africa,7,2985,327,42.18,0,2.84,89.18,31.8,45.5,22.7
"Henriques, Moises C",01/02/1987,Australia,3,3680,53,77.5,0,2.92,159,0,0,100
"Henry, Matthew J",14/12/1991,New Zealand,3,4257,128.1,49.8,0,3.89,76.9,20,50,30
"Herath, H M Rangana",19/03/1978,Sri Lanka,67,2185,3187.2,29.88,5,2.78,64.39,23.2,45.8,31
"Hettiarachchi, Dinuk",01/10/1980,Sri Lanka,1,2957,27,20.5,0,1.52,81,100,0,0
"Hick, Graeme A",23/05/1966,England,65,758,509.3,56.78,0,2.56,132.91,47.8,43.5,8.7
"Hilditch, Andrew M J",20/05/1956,Australia,18,761,-1,31.56,-1,-1,-1,-1,-1,-1
"Hilfenhaus, Benjamin W",15/03/1983,Australia,27,3455,1013,28.51,0,2.79,61.39,45.5,27.3,27.3
"Hinds, Ryan O",17/02/1981,West Indies,15,3004,290.3,62.14,0,2.99,124.5,21.4,57.1,21.4
"Hinds, Wavell W",07/09/1976,West Indies,45,2216,187.1,39.33,0,3.15,74.87,33.3,40,26.7
"Hirwani, Narendra D",18/10/1968,India,17,770,716.2,30.11,1,2.77,65.12,28.8,54.5,16.7
"Hodge, Bradley J",29/12/1974,Australia,6,3330,2,-1,0,4,-1,-1,-1,-1
"Hogan, Thomas G",23/09/1956,Australia,7,777,239.2,47.07,0,2.95,95.73,26.7,40,33.3
"Hogg, George B",06/02/1971,Australia,7,2068,254,54.88,0,3.67,89.65,17.6,58.8,23.5
"Hoggard, Matthew J",31/12/1976,England,67,2224,2318.1,30.5,1,3.26,56.08,39.1,35.9,25
"Holder, Jason O",05/11/1991,West Indies,12,3998,300.5,38.29,0,2.67,85.95,33.3,52.4,14.3
"Holder, Roland I C",22/12/1967,West Indies,11,2093,-1,25.33,-1,-1,-1,-1,-1,-1
"Hollioake, Adam J",05/09/1971,England,4,2105,24,33.5,0,2.79,72,0,100,0
"Hollioake, Ben C",11/11/1977,England,2,2106,42,49.75,0,4.74,63,75,25,0
"Hondo, Douglas T",07/07/1979,Zimbabwe,9,2984,247.4,36.86,0,3.13,70.76,52.4,38.1,9.5
"Hookes, David W",03/05/1955,Australia,23,790,16,41,0,2.56,96,0,0,100
"Hooper, Carl L",15/12/1966,West Indies,102,791,2299,49.43,0,2.45,121,33.3,42.1,24.6
"Hope, Shai D",10/10/1993,West Indies,5,4417,-1,16.2,-1,-1,-1,-1,-1,-1
"Hopkins, Gareth J",24/11/1976,New Zealand,4,3177,-1,11.83,-1,-1,-1,-1,-1,-1
"Horne, Matthew J",05/02/1970,New Zealand,35,2091,11,-1,0,2.36,-1,-1,-1,-1
"Horne, Philip A",21/01/1960,New Zealand,4,797,-1,10.14,-1,-1,-1,-1,-1,-1
"Houghton, David L",23/06/1957,Zimbabwe,22,801,0.5,-1,0,0,-1,-1,-1,-1
"How, Jamie M",19/05/1981,New Zealand,19,3336,2,-1,0,2,-1,-1,-1,-1
"Huckle, Adam G",21/09/1971,Zimbabwe,8,2109,261.2,34.88,1,3.34,62.72,20,56,24
"Hudson, Andrew C",17/03/1965,South Africa,35,809,-1,33.45,-1,-1,-1,-1,-1,-1
"Hughes, Mervyn G",23/11/1961,Australia,53,811,2047.3,28.38,1,2.94,57.95,32.5,34.9,32.5
"Hughes, Phillip J",30/11/1988,Australia,26,3647,-1,32.66,-1,-1,-1,-1,-1,-1
Humayun Farhat,24/01/1981,Pakistan,1,2958,-1,27,-1,-1,-1,-1,-1,-1
"Hussain, Nasser",28/03/1968,England,96,823,5,-1,0,3,-1,-1,-1,-1
"Hussey, Michael E K",27/05/1975,Australia,79,3160,98,43.71,0,3.12,84,42.9,28.6,28.6
Iftikhar Anjum,01/12/1980,Pakistan,1,3231,14,-1,0,4.43,-1,-1,-1,-1
"Igglesden, Alan P",08/10/1964,England,3,832,92.3,54.83,0,3.56,92.5,50,50,0
Ijaz Ahmed,20/09/1968,Pakistan,60,15,30,38.5,0,2.57,90,50,50,0
Ijaz Ahmed,02/02/1969,Pakistan,2,2034,4,-1,0,1.5,-1,-1,-1,-1
Ijaz Faqih,24/03/1956,Pakistan,5,523,89,74.75,0,3.36,133.5,100,0,0
"Illingworth, Richard K",23/08/1963,England,9,835,247.3,32.37,0,2.48,78.16,26.3,36.8,36.8
"Ilott, Mark C",27/08/1970,England,5,836,173.4,45.17,0,3.12,86.83,25,50,25
Imran Farhat,20/05/1982,Pakistan,40,2260,71.1,94.67,0,3.99,142.33,33.3,33.3,33.3
Imran Khan,14/07/1988,Pakistan,7,4333,174.3,28.1,0,3.22,52.35,30,40,30
Imran Nazir,16/12/1981,Pakistan,8,2174,-1,32.85,-1,-1,-1,-1,-1,-1
Imran Tahir,27/03/1979,South Africa,20,3850,654.1,40.25,0,3.51,68.86,21.1,36.8,42.1
Imrul Kayes,02/02/1987,Bangladesh,24,3617,4,-1,0,3,-1,-1,-1,-1
"Ingram, Peter J",25/10/1978,New Zealand,2,3754,-1,15.25,-1,-1,-1,-1,-1,-1
Inzamam-ul-Haq,03/03/1970,Pakistan,120,1794,1.3,-1,0,5.33,-1,-1,-1,-1
"Irani, Ronald C",26/10/1971,England,3,2057,32,37.33,0,3.5,64,33.3,66.7,0
Irfan Fazil,11/02/1981,Pakistan,1,2215,8,32.5,0,8.13,24,50,50,0
"Jack, Steven D",04/08/1970,South Africa,2,2010,77,24.5,0,2.55,57.75,12.5,50,37.5
"Jacobs, Ridley D",26/11/1967,West Indies,65,2154,-1,28.32,-1,-1,-1,-1,-1,-1
"Jadeja, Alaysinhji D",01/02/1971,India,15,854,-1,26.18,-1,-1,-1,-1,-1,-1
"Jadeja, Ravindra A",06/12/1988,India,16,3644,711.3,23.76,0,2.27,62.78,27.9,42.6,29.4
"Jaffer, Wasim",16/02/1978,India,31,2208,11,9,0,1.64,33,0,0,100
"Jaggernauth, Amit S",16/11/1983,West Indies,1,3548,23,96,0,4.17,138,0,100,0
Jahurul Islam,12/12/1986,Bangladesh,7,3777,-1,26.69,-1,-1,-1,-1,-1,-1
Jalaluddin,12/06/1959,Pakistan,6,859,199.3,48.82,0,2.69,108.82,36.4,27.3,36.4
"James, Stephen P",07/09/1967,England,2,2145,-1,17.75,-1,-1,-1,-1,-1,-1
"James, Wayne Robert",27/08/1965,Zimbabwe,4,1993,-1,15.25,-1,-1,-1,-1,-1,-1
"Jaques, Philip A",03/05/1979,Australia,11,3335,-1,47.47,-1,-1,-1,-1,-1,-1
"Jarvis, Kyle M",16/02/1989,Zimbabwe,8,3733,261.3,31.73,0,3.64,52.3,50,26.7,23.3
"Jarvis, Malcolm P",06/12/1955,Zimbabwe,5,866,212.1,35.73,0,1.85,115.73,45.5,45.5,9.1
"Jarvis, Paul W",29/06/1965,England,9,867,318.4,45.95,0,3.03,91.05,28.6,38.1,33.3
Javed Miandad,12/06/1957,Pakistan,124,1169,201.4,40.12,0,2.78,86.47,35.3,35.3,29.4
Javed Omar,25/11/1976,Bangladesh,40,2733,1,-1,0,12,-1,-1,-1,-1
"Jayasekera, Rohan S A",07/12/1957,Sri Lanka,1,871,-1,1,-1,-1,-1,-1,-1,-1
"Jayasundera, M D Udara S",03/01/1991,Sri Lanka,2,4508,7,-1,0,6.43,-1,-1,-1,-1
"Jayasuriya, Sanath T",30/06/1969,Sri Lanka,110,872,1364.4,34.35,0,2.47,83.55,23.5,43.9,32.7
"Jayawardene, D P Mahela",27/05/1977,Sri Lanka,149,2104,98.1,51.67,0,3.16,98.17,50,33.3,16.7
"Jayawardene, H A Prasanna W",09/10/1979,Sri Lanka,58,2225,-1,29.5,-1,-1,-1,-1,-1,-1
"John, Vinothen B",27/05/1960,Sri Lanka,6,878,213.3,21.93,0,2.88,45.75,46.4,35.7,17.9
"Johnson, David",16/10/1971,India,2,2067,40,47.67,0,3.58,80,33.3,66.7,0
"Johnson, Leon R",08/08/1987,West Indies,4,3609,4,-1,0,2.25,-1,-1,-1,-1
"Johnson, Mitchell G",02/11/1981,Australia,73,3334,2666.5,28.41,3,3.33,51.12,31.9,39.6,28.4
"Johnson, Neil C",24/01/1970,Zimbabwe,13,2157,197.4,39.6,0,3.01,79.07,33.3,33.3,33.3
"Johnson, Richard L",29/12/1974,England,3,3121,91.1,17.19,0,3.02,34.19,31.3,43.8,25
"Jones, Andrew H",09/05/1959,New Zealand,39,885,54.4,194,0,3.55,328,100,0,0
"Jones, Dean M",24/03/1961,Australia,52,888,33,64,0,1.94,198,0,100,0
"Jones, Geraint O",14/07/1976,England,34,3165,-1,23.92,-1,-1,-1,-1,-1,-1
"Jones, Richard A",22/10/1973,New Zealand,1,3152,-1,11.5,-1,-1,-1,-1,-1,-1
"Jones, Simon P",25/12/1978,England,18,3028,470.1,28.24,0,3.54,47.81,28.8,39,32.2
"Jordan, Christopher J",04/10/1988,England,8,4238,255,35.81,0,2.95,72.86,23.8,38.1,38.1
"Joseph, Dave R E",15/11/1969,West Indies,4,2173,-1,20.14,-1,-1,-1,-1,-1,-1
"Joseph, Sylvester C",05/09/1978,West Indies,5,2739,2,-1,0,4,-1,-1,-1,-1
"Joshi, Sunil B",06/06/1969,India,15,2053,575.1,35.85,0,2.56,84.17,26.8,46.3,26.8
Jubair Hossain,12/09/1995,Bangladesh,6,4334,119.1,30.81,0,4.14,44.69,12.5,62.5,25
"Julian, Brendon P",10/08/1970,Australia,7,897,183,39.93,0,3.27,73.2,33.3,53.3,13.3
Junaid Khan,24/12/1989,Pakistan,22,3855,767.3,31.73,0,2.94,64.86,36.6,42.3,21.1
Junaid Siddique,30/10/1987,Bangladesh,19,3517,3,-1,0,3.67,-1,-1,-1,-1
"Jurangpathy, Baba R",25/06/1967,Sri Lanka,2,901,25,93,0,3.72,150,100,0,0
Kabir Ali,24/11/1980,England,1,3127,36,27.2,0,3.78,43.2,40,40,20
Kabir Khan,12/04/1974,Pakistan,4,2001,109.1,41.11,0,3.39,72.78,11.1,44.4,44.4
"Kalavitigoda, Shantha",23/12/1977,Sri Lanka,1,3277,-1,4,-1,-1,-1,-1,-1,-1
"Kallis, Jacques H",16/10/1975,South Africa,166,2043,3372,32.65,0,2.83,69.29,28.4,44.2,27.4
"Kalpage, Ruwan S",19/02/1970,Sri Lanka,11,1969,262.4,64.5,0,2.95,131.33,33.3,50,16.7
"Kaluperuma, Sanath M S",22/10/1961,Sri Lanka,4,905,40,62,0,3.1,120,0,50,50
"Kaluwitharana, Romesh S",24/11/1969,Sri Lanka,49,906,-1,26.12,-1,-1,-1,-1,-1,-1
"Kambli, Vinod G",18/01/1972,India,17,908,-1,54.2,-1,-1,-1,-1,-1,-1
Kamran Akmal,13/01/1982,Pakistan,53,3056,-1,30.79,-1,-1,-1,-1,-1,-1
"Kamungozi, Tafadzwa",08/06/1987,Zimbabwe,1,3438,26,58,0,2.23,156,0,100,0
"Kaneria, Danish",16/12/1980,Pakistan,61,2252,2949.3,34.8,2,3.08,67.8,23,46,31
"Kanitkar, Hrishikesh H",14/11/1974,India,2,2204,1,-1,0,2,-1,-1,-1,-1
Kapil Dev,06/01/1959,India,131,443,4623.2,29.65,2,2.78,63.92,40.3,31.3,28.3
"Kapoor, Aashish R",25/03/1971,India,4,2009,107,42.5,0,2.38,107,66.7,33.3,0
"Kapugedera, Chamara K",24/02/1987,Sri Lanka,8,3340,2,-1,0,4.5,-1,-1,-1,-1
"Karim, Saba",14/11/1967,India,1,2244,-1,15,-1,-1,-1,-1,-1,-1
"Karthik, K Dinesh",01/06/1985,India,23,3210,-1,27.78,-1,-1,-1,-1,-1,-1
"Kartik, Murali",11/09/1976,India,8,2209,322,34.17,0,2.55,80.5,29.2,41.7,29.2
"Karunaratne, Frank D M",21/04/1988,Sri Lanka,25,3871,2,-1,0,2.5,-1,-1,-1,-1
"Kasprowicz, Michael S",10/02/1972,Australia,38,2076,1190,32.88,0,3.12,63.19,34.5,37.2,28.3
"Katich, Simon M",21/08/1975,Australia,56,2743,173.1,30.24,0,3.67,49.48,19,47.6,33.3
"Kaushal, P H Tharindu",05/03/1993,Sri Lanka,7,4367,276.2,46.04,0,4,69.08,20.8,37.5,41.7
"Kemp, Justin M",02/10/1977,South Africa,4,2258,79.5,24.67,0,2.78,53.22,22.2,22.2,55.6
"Kennedy, Robert J",03/06/1972,New Zealand,4,2048,106,63.33,0,3.58,106,33.3,50,16.7
"Kerr, Robert B",16/06/1961,Australia,2,925,-1,7.75,-1,-1,-1,-1,-1,-1
"Kerrigan, Simon C",10/05/1989,England,1,4229,8,-1,0,6.63,-1,-1,-1,-1
"Key, Robert W T",12/05/1979,England,15,3036,-1,31,-1,-1,-1,-1,-1,-1
Khaled Mahmud,26/07/1971,Bangladesh,12,2744,270,64,0,3.08,124.62,46.2,23.1,30.8
Khaled Mashud,08/02/1976,Bangladesh,44,2239,-1,19.04,-1,-1,-1,-1,-1,-1
"Khan, Amjad",14/10/1980,England,1,3650,29,122,0,4.21,174,0,100,0
"Khan, Imraan",27/04/1984,South Africa,1,3653,-1,20,-1,-1,-1,-1,-1,-1
"Khawaja, Usman T",18/12/1986,Australia,12,3842,-1,46.37,-1,-1,-1,-1,-1,-1
Khurram Manzoor,10/06/1986,Pakistan,16,3527,-1,28.17,-1,-1,-1,-1,-1,-1
"King, Reon D",06/10/1975,West Indies,19,2165,573.4,32.7,0,3.02,64.94,34,37.7,28.3
"Kirsten, Gary",23/11/1967,South Africa,101,945,58.1,71,0,2.44,174.5,50,0,50
"Kirsten, Peter N",14/05/1955,South Africa,12,946,9,-1,0,3.33,-1,-1,-1,-1
"Kirtley, Robert J",10/11/1975,England,4,2987,179.5,29.53,0,3.12,56.79,42.1,26.3,31.6
"Kleinveldt, Rory K",15/03/1983,South Africa,4,3682,111.1,42.2,0,3.8,66.7,40,50,10
"Klusener, Lance",04/09/1971,South Africa,49,2081,1147.5,37.91,0,2.64,86.09,22.5,45,32.5
"Knight, Nicholas V",28/11/1969,England,17,2027,-1,23.97,-1,-1,-1,-1,-1,-1
"Kohli, Virat",05/11/1988,India,41,3600,25,-1,0,2.8,-1,-1,-1,-1
"Krejza, Jason J",14/01/1983,Australia,2,3625,123.5,43.23,1,4.54,57.15,23.1,46.2,30.8
"Kuggeleijn, Christopher M",10/05/1956,New Zealand,2,957,16.1,67,0,4.14,97,0,0,100
"Kuiper, Adrian P",24/08/1959,South Africa,1,958,-1,17,-1,-1,-1,-1,-1,-1
"Kulasekara, Chamith K B",15/07/1985,Sri Lanka,1,3921,28,80,0,2.86,168,100,0,0
"Kulasekara, K M D Nuwan",22/07/1982,Sri Lanka,21,3147,594.3,37.38,0,3.02,74.31,39.6,37.5,22.9
"Kulkarni, Nilesh M",03/04/1973,India,3,2103,123,166,0,2.7,369,100,0,0
"Kulkarni, Rajiv R",25/09/1962,India,3,959,61,45.4,0,3.72,73.2,80,0,20
"Kumar, Bhuvneshwar",05/02/1990,India,12,3991,318.5,35,0,3.18,65.97,41.4,34.5,24.1
"Kumar, Praveen",02/10/1986,India,6,3514,268.3,25.81,0,2.6,59.67,37,51.9,11.1
"Kumble, Anil",17/10/1970,India,132,962,6808.2,29.65,8,2.7,65.99,27.9,39.6,32.5
"Kuruppu, Don S B P",05/01/1962,Sri Lanka,4,964,-1,53.33,-1,-1,-1,-1,-1,-1
"Kuruppuarachchi, Ajith K",01/11/1964,Sri Lanka,2,965,45.2,18.63,0,3.29,34,37.5,25,37.5
"Kuruvilla, Abey",08/08/1968,India,10,2094,294.1,35.68,0,3.03,70.6,28,36,36
"Lakmal, R A Suranga",10/03/1987,Sri Lanka,26,3745,795.2,49.17,0,3.34,88.37,48.1,27.8,24.1
"Lakshitha, Materba K G C P",04/01/1979,Sri Lanka,2,3029,48,31.6,0,3.29,57.6,20,80,0
"Lamb, Gregory A",04/03/1981,Zimbabwe,1,3770,32,47,0,4.41,64,33.3,66.7,0
"Lamba, Raman",02/01/1960,India,4,972,-1,20.4,-1,-1,-1,-1,-1,-1
"Lambert, Clayton B",10/02/1962,West Indies,5,973,1.4,5,0,3,10,0,100,0
"Langer, Justin L",21/11/1970,Australia,105,975,3,-1,0,4,-1,-1,-1,-1
"Langeveldt, Charl K",17/12/1974,South Africa,6,2991,166.3,37.06,0,3.56,62.44,50,25,25
"Lara, Brian C",02/05/1969,West Indies,131,979,10,-1,0,2.8,-1,-1,-1,-1
"Larsen, Gavin Rolf",27/09/1962,New Zealand,8,1991,327.5,28.71,0,2.1,81.96,29.2,37.5,33.3
"Latham, Rodney T",12/06/1961,New Zealand,4,984,3,-1,0,2,-1,-1,-1,-1
"Latham, Thomas W M",02/04/1992,New Zealand,16,3932,-1,39.33,-1,-1,-1,-1,-1,-1
"Lathwell, Mark N",26/12/1971,England,2,985,-1,19.5,-1,-1,-1,-1,-1,-1
"Law, Stuart G",18/10/1968,Australia,1,2040,3,-1,0,3,-1,-1,-1,-1
"Lawrence, David V",28/01/1964,England,5,989,181.3,37.56,0,3.72,60.5,33.3,44.4,22.2
"Lawson, Geoffrey F",07/12/1957,Australia,46,992,1853,30.56,2,2.97,61.77,37.2,40.6,22.2
"Lawson, Jermaine J C",13/01/1982,West Indies,13,3003,394,29.65,0,3.84,46.35,31.4,43.1,25.5
"Laxman, Vangipurappu V S",01/11/1974,India,134,2079,54,63,0,2.33,162,0,0,100
"Lee, Brett",08/11/1976,Australia,76,2205,2755.1,30.82,0,3.47,53.33,36.5,36.8,26.8
"Lehmann, Darren S",05/02/1970,Australia,27,2139,160.2,26.87,0,2.51,64.13,40,40,20
"Lewis, Clairmonte C",14/02/1968,England,32,1009,1142,37.53,0,3.06,73.68,37.6,32.3,30.1
"Lewis, Johnathan",26/08/1975,England,1,3281,41,40.67,0,2.98,82,33.3,33.3,33.3
"Lewis, Rawl N",05/09/1974,West Indies,5,2122,147.1,114,0,3.1,220.75,50,0,50
Liaqat Ali,21/05/1955,Pakistan,5,42,116,59.83,0,2.67,134.67,33.3,50,16.7
"Liebenberg, Gerhardus F J",07/04/1972,South Africa,5,2141,-1,13,-1,-1,-1,-1,-1,-1
Litton Das,13/10/1994,Bangladesh,3,4430,-1,32.33,-1,-1,-1,-1,-1,-1
"Liyanage, Dulip K",06/06/1972,Sri Lanka,9,1022,225.5,39.18,0,2.95,79.71,47.1,23.5,29.4
"Lloyd, Timothy A",05/11/1956,England,1,1026,-1,-1,-1,-1,-1,-1,-1,-1
"Lock, Alan C I",10/09/1962,Zimbabwe,1,2036,30,21,0,3.5,36,40,20,40
"Logie, Augustine L",28/09/1960,West Indies,52,1030,1.1,-1,0,3.43,-1,-1,-1,-1
"Lokuarachchi, Kaushal S",20/05/1982,Sri Lanka,4,3104,99,59,0,2.98,118.8,40,40,20
"Love, Martin L",30/03/1974,Australia,5,3066,-1,46.6,-1,-1,-1,-1,-1,-1
"Loveridge, Glen R",15/01/1975,New Zealand,1,2047,-1,-1,-1,-1,-1,-1,-1,-1
"Lyon, Nathan M",20/11/1987,Australia,51,3885,1929.5,33.3,1,3.14,63.62,24.2,41.2,34.6
"Lyth, Adam",25/09/1987,England,7,4422,1,-1,0,0,-1,-1,-1,-1
"MacGill, Stuart C G",25/02/1971,Australia,44,2126,1872.5,29.02,2,3.22,54.02,20.7,40.4,38.9
"Maddy, Darren L",23/05/1974,England,3,2183,14,-1,0,2.86,-1,-1,-1,-1
"Madondo, Trevor N",22/11/1976,Zimbabwe,3,2134,-1,30,-1,-1,-1,-1,-1,-1
"Madugalle, Ranjan S",22/04/1959,Sri Lanka,21,1054,14,-1,0,2.71,-1,-1,-1,-1
"Madurasinghe, Arachchige W R",30/01/1961,Sri Lanka,3,1055,66,57.33,0,2.61,132,33.3,66.7,0
"Maguire, John N",15/09/1956,Australia,3,1056,102.4,32.3,0,3.15,61.6,10,40,50
"Mahanama, Roshan S",31/05/1966,Sri Lanka,52,1057,6,-1,0,5,-1,-1,-1,-1
"Maharoof, Mohamed F",07/09/1984,Sri Lanka,22,3171,490,65.24,0,3.33,117.6,52,32,16
Mahbubul Alam,01/12/1983,Bangladesh,4,3623,97.5,62.8,0,3.21,117.4,80,0,20
"Mahmood, Sajid I",21/12/1981,England,8,3179,188.2,38.1,0,4.05,56.5,15,40,45
"Mahwire, Ngonidzashe B",31/07/1982,Zimbabwe,10,3055,214.3,50.83,0,4.27,71.5,50,27.8,22.2
"Malcolm, Devon E",22/02/1963,England,40,1066,1413.2,37.09,2,3.36,66.25,38.3,35.9,25.8
"Malhotra, Ashok",26/01/1957,India,7,1067,3,-1,0,1,-1,-1,-1,-1
"Malinga, Separamadu L",28/08/1983,Sri Lanka,30,3178,868.1,33.16,0,3.86,51.57,38.6,34.7,26.7
"Mallender, Neil A",13/08/1961,England,2,1071,74.5,21.5,0,2.87,44.9,40,10,50
Maninder Singh,13/06/1965,India,35,1608,1369.4,37.36,2,2.4,93.39,25,44.3,30.7
"Manjrekar, Sanjay V",12/07/1965,India,37,1074,2.5,-1,0,5.29,-1,-1,-1,-1
Manjural Islam,07/11/1979,Bangladesh,17,2762,495,57.32,0,3.24,106.07,42.9,42.9,14.3
Manjural Islam Rana,04/05/1984,Bangladesh,6,3143,124.5,80.2,0,3.21,149.8,20,60,20
"Manou, Graham A",23/04/1979,Australia,1,3719,-1,21,-1,-1,-1,-1,-1,-1
Mansoor Akhtar,25/12/1957,Pakistan,19,28,-1,25.19,-1,-1,-1,-1,-1,-1
Manzoor Elahi,15/04/1963,Pakistan,6,503,74,27.71,0,2.62,63.43,42.9,57.1,0
"Maregwede, Alester",05/08/1981,Zimbabwe,2,3154,-1,18.5,-1,-1,-1,-1,-1,-1
"Marillier, Douglas A",24/04/1978,Zimbabwe,5,2257,102.4,29.27,0,3.14,56,18.2,45.5,36.4
"Marks, Victor J",25/06/1955,England,6,1085,180.2,44,0,2.68,98.36,9.1,63.6,27.3
"Marsh, Geoffrey R",31/12/1958,Australia,50,1088,-1,33.19,-1,-1,-1,-1,-1,-1
"Marsh, Mitchell R",20/10/1991,Australia,12,3912,191.4,30.9,0,3.39,54.76,23.8,52.4,23.8
"Marsh, Shaun E",09/07/1983,Australia,17,3561,-1,37.72,-1,-1,-1,-1,-1,-1
"Marshall, Hamish J H",15/02/1979,New Zealand,13,2254,1,-1,0,4,-1,-1,-1,-1
"Marshall, James A H",15/02/1979,New Zealand,7,3271,-1,19.82,-1,-1,-1,-1,-1,-1
"Marshall, Malcolm D",18/04/1958,West Indies,81,1090,2930.4,20.95,4,2.69,46.77,33.2,40.4,26.3
"Marshall, Xavier M",27/03/1986,West Indies,7,3269,2,-1,0,0,-1,-1,-1,-1
Marshall Ayub,05/12/1988,Bangladesh,3,4242,10,-1,0,5.3,-1,-1,-1,-1
"Martin, Bruce P",25/04/1980,New Zealand,5,4011,253,53.83,0,2.55,126.5,50,33.3,16.7
"Martin, Christopher S",10/12/1974,New Zealand,71,2248,2337.4,33.64,1,3.35,60.2,40.3,37.3,22.3
"Martin, Peter J",15/11/1968,England,8,2023,242,34.12,0,2.4,85.41,41.2,47.1,11.8
"Martyn, Damien R",21/10/1971,Australia,67,1098,58,84,0,2.9,174,0,100,0
"Maruma, Timycen",19/04/1988,Zimbabwe,1,3498,-1,10,-1,-1,-1,-1,-1,-1
"Masakadza, Hamilton",09/08/1983,Zimbabwe,29,2977,149,27.69,0,2.42,68.77,30.8,38.5,30.8
"Masakadza, Shingirai W",04/09/1986,Zimbabwe,5,3769,176.1,32.19,0,2.92,66.06,43.8,31.3,25
Mashrafe Bin Mortaza,05/10/1983,Bangladesh,36,2995,998.2,41.53,0,3.24,76.79,48.7,32.1,19.2
"Mason, Michael J",27/08/1974,New Zealand,1,3150,22,-1,0,4.77,-1,-1,-1,-1
Masood Anwar,12/12/1967,Pakistan,1,80,26.5,34,0,3.8,53.67,33.3,66.7,0
"Matambanadzo, Everton",13/04/1976,Zimbabwe,3,2073,64,62.5,0,3.91,96,50,25,25
"Mathews, Angelo D",02/06/1987,Sri Lanka,56,3628,535,49.57,0,2.78,107,36.7,36.7,26.7
"Matsikenyeri, Stuart",03/05/1983,Zimbabwe,8,3059,80.3,172.5,0,4.29,241.5,50,50,0
"Matthews, Christopher D",22/09/1962,Australia,3,1107,95,52.17,0,3.29,95,16.7,66.7,16.7
"Matthews, Craig R",15/02/1965,South Africa,18,1108,663.2,28.88,0,2.26,76.54,25,46.2,28.8
"Matthews, Gregory R J",15/12/1959,Australia,33,1109,1045.1,48.23,1,2.81,102.8,37.7,50.8,11.5
"Mattis, Everton H",11/04/1957,West Indies,4,1111,6,-1,0,2.33,-1,-1,-1,-1
"Mawoyo, Tirotenda M K",08/01/1986,Zimbabwe,8,3448,-1,30.27,-1,-1,-1,-1,-1,-1
"Maxwell, Glenn J",14/10/1988,Australia,3,3969,57,38.71,0,4.75,48.86,28.6,71.4,0
"May, Timothy B A",26/01/1962,Australia,24,1113,1096.1,34.75,0,2.38,87.69,28,49.3,22.7
"Maynard, Matthew P",21/03/1966,England,4,1114,-1,10.88,-1,-1,-1,-1,-1,-1
"Mbangwa, Mpumelelo",26/06/1976,Zimbabwe,15,2074,432.4,31.44,0,2.33,81.13,43.8,40.6,15.6
"McCague, Martin J",24/04/1969,England,3,1119,98.5,65,0,3.95,98.83,33.3,16.7,50
"McCullum, Brendon B",27/09/1981,New Zealand,99,3008,25.1,85,0,3.38,151,0,100,0
"McDermott, Craig J",14/04/1965,Australia,71,1125,2764.2,28.63,2,3.01,57,36.4,39.2,24.4
"McDonald, Andrew B",05/06/1981,Australia,4,3632,122,33.33,0,2.46,81.33,11.1,33.3,55.6
"McGain, Bryce E",25/03/1972,Australia,1,3654,18,-1,0,8.28,-1,-1,-1,-1
"McGarrell, Neil C",12/07/1972,West Indies,4,2773,202,26.65,0,2.24,71.29,17.6,64.7,17.6
"McGrath, Anthony",06/10/1975,England,4,3118,17,14,0,3.29,25.5,25,75,0
"McGrath, Glenn D",09/02/1970,Australia,124,1133,4874.4,21.64,3,2.5,51.95,40,34.8,25.2
"McIntosh, Timothy G",04/12/1979,New Zealand,17,3629,-1,27.55,-1,-1,-1,-1,-1,-1
"McIntyre, Peter E",27/04/1966,Australia,2,2014,65.3,38.8,0,2.96,78.6,20,40,40
"McKay, Andrew J",17/04/1980,New Zealand,1,3758,31,120,0,3.87,186,0,100,0
"McKay, Clinton J",22/02/1983,Australia,1,3735,28,101,0,3.61,168,0,100,0
"McKenzie, Neil D",24/11/1975,South Africa,58,2227,15,-1,0,4.53,-1,-1,-1,-1
"McLaren, Ryan",09/02/1983,South Africa,2,3736,44,54,0,3.68,88,33.3,66.7,0
"McLean, Nixon A M",28/07/1973,West Indies,19,2127,549.5,42.57,0,3.41,74.98,29.5,40.9,29.5
"McMillan, Brian M",22/12/1963,South Africa,38,1147,1009,33.83,0,2.51,80.72,40,48,12
"McMillan, Craig D",13/09/1976,New Zealand,55,2118,417,44.89,0,3.01,89.36,25,46.4,28.6
Mehrab Hossain,22/09/1978,Bangladesh,9,2234,2,-1,0,2.5,-1,-1,-1,-1
Mehrab Hossain,08/07/1987,Bangladesh,7,3439,67.5,70.25,0,4.14,101.75,25,75,0
"Mendis, B Ajantha W",11/03/1985,Sri Lanka,19,3545,788.2,34.77,1,3.09,67.57,30,37.1,32.9
"Mendis, B Kusal G",02/02/1995,Sri Lanka,3,4485,-1,30.5,-1,-1,-1,-1,-1,-1
"Meth, Keegan O",08/02/1988,Zimbabwe,2,3342,54,24.5,0,1.81,81,50,25,25
"Mhambrey, Paras L",20/06/1972,India,2,2054,43,74,0,3.44,129,50,50,0
"Miller, Colin R",06/02/1964,Australia,18,2150,681.5,26.16,1,2.65,59.29,36.2,36.2,27.5
"Miller, Nikita O",16/05/1982,West Indies,1,3597,22,-1,0,3.05,-1,-1,-1,-1
"Mills, Kyle D",15/03/1979,New Zealand,19,2966,483.4,33.02,0,3,65.95,45.5,25,29.5
Misbah-ul-Haq,28/05/1974,Pakistan,61,2262,-1,48.9,-1,-1,-1,-1,-1,-1
"Mishra, Amit",24/11/1982,India,18,3108,704.5,33.97,0,3.13,65.06,13.8,46.2,40
"Mithun, Abhimanyu",25/10/1989,India,4,3767,120,50.67,0,3.8,80,22.2,66.7,11.1
Mohammad Akram,10/09/1974,Pakistan,9,2033,246.1,50.53,0,3.49,86.88,23.5,58.8,17.6
Mohammad Amir,13/04/1992,Pakistan,14,3698,477,28.92,0,3.09,56.12,47.1,37.3,15.7
Mohammad Ashraful,07/07/1984,Bangladesh,61,2964,286.5,62.45,0,4.35,86.05,23.8,33.3,42.9
Mohammad Asif,20/12/1982,Pakistan,23,3245,862.4,24.45,1,3,48.83,42.5,37.7,19.8
Mohammad Ayub,13/09/1979,Pakistan,1,3957,-1,23.5,-1,-1,-1,-1,-1,-1
Mohammad Hafeez,17/10/1980,Pakistan,47,3101,658.5,33.9,0,2.68,76.02,32.7,36.5,30.8
Mohammad Hussain,08/10/1976,Pakistan,2,2072,30,29,0,2.9,60,33.3,33.3,33.3
Mohammad Irfan,06/06/1982,Pakistan,4,3821,118.4,38.9,0,3.28,71.2,40,40,20
Mohammad Kaif,01/12/1980,India,13,2213,3,-1,0,1.33,-1,-1,-1,-1
Mohammad Khalil,11/12/1982,Pakistan,2,3240,48.2,-1,0,4.14,-1,-1,-1,-1
Mohammad Mahmudullah,04/02/1986,Bangladesh,27,3488,491.3,45.41,0,3.42,79.7,43.2,40.5,16.2
Mohammad Rafique,15/05/1970,Bangladesh,33,2240,1457.2,40.76,0,2.8,87.44,29,46,25
Mohammad Ramzan,25/12/1970,Pakistan,1,2114,-1,18,-1,-1,-1,-1,-1,-1
Mohammad Salim,15/10/1981,Bangladesh,2,3111,-1,16.33,-1,-1,-1,-1,-1,-1
Mohammad Salman,07/08/1981,Pakistan,2,3856,-1,6.25,-1,-1,-1,-1,-1,-1
Mohammad Sami,24/02/1981,Pakistan,36,2264,1249.5,52.74,0,3.59,88.22,41.2,35.3,23.5
Mohammad Shahid,01/11/1988,Bangladesh,5,4416,105,57.6,0,2.74,126,60,40,0
Mohammad Talha,15/10/1988,Pakistan,4,3649,123.2,56,0,4.09,82.22,44.4,33.3,22.2
Mohammad Wasim,08/08/1977,Pakistan,18,2077,-1,30.12,-1,-1,-1,-1,-1,-1
Mohammad Yousuf,27/08/1974,Pakistan,90,2129,1,-1,0,3,-1,-1,-1,-1
Mohammad Zahid,02/08/1976,Pakistan,5,2083,132,33.47,1,3.8,52.8,40,26.7,33.3
"Mohammed, Dave",08/10/1979,West Indies,5,3158,177.3,51.38,0,3.76,81.92,23.1,53.8,23.1
Mohammed Shami,09/03/1990,India,12,3993,446.3,36.15,0,3.81,57,31.9,40.4,27.7
Mohammed Sharif,12/12/1985,Bangladesh,10,2960,275.1,79,0,4.02,117.93,50,35.7,14.3
"Mohanty, Debashish S",20/07/1976,India,2,2107,71.4,59.75,0,3.33,107.5,50,25,25
Mohsin Kamal,16/06/1963,Pakistan,9,907,224.4,34.25,0,3.66,56.17,41.7,33.3,25
Mohsin Khan,15/03/1955,Pakistan,48,930,14,-1,0,2.09,-1,-1,-1,-1
Moin Khan,23/09/1971,Pakistan,69,931,-1,28.55,-1,-1,-1,-1,-1,-1
Mominul Haque,29/09/1991,Bangladesh,17,3980,53.1,192,0,3.61,319,0,0,100
"Mongia, Nayan R",19/12/1969,India,44,1978,-1,24.03,-1,-1,-1,-1,-1,-1
"Moody, Thomas M",02/10/1965,Australia,8,1206,72,73.5,0,2.04,216,50,50,0
"More, Kiran S",04/09/1962,India,49,1209,2,-1,0,6,-1,-1,-1,-1
"Morgan, Eoin J G",10/09/1986,England,16,3416,-1,30.43,-1,-1,-1,-1,-1,-1
"Morkel, Johannes A",10/06/1981,South Africa,1,3162,32,132,0,4.13,192,100,0,0
"Morkel, Morne",06/10/1984,South Africa,68,3451,2168,29.16,0,3.12,56.07,36.6,35.3,28
"Morris, Hugh",05/10/1963,England,3,1215,-1,19.17,-1,-1,-1,-1,-1,-1
"Morris, John E",01/04/1964,England,3,1216,-1,23.67,-1,-1,-1,-1,-1,-1
"Morrison, Daniel K",03/02/1966,New Zealand,48,1219,1677.2,34.68,0,3.31,62.9,30.6,35.6,33.8
"Morton, Runako S",22/07/1978,West Indies,15,3012,11,-1,0,4.55,-1,-1,-1,-1
"Moseley, Ezra A",05/01/1958,West Indies,2,1222,87,43.5,0,3,87,33.3,66.7,0
"Moxon, Martyn D",04/05/1960,England,10,1228,8,-1,0,3.75,-1,-1,-1,-1
"Mpofu, Christopher B",27/11/1985,Zimbabwe,9,3237,241.2,44.45,0,3.68,72.4,20,45,35
"M'shangwe, Natsai",09/02/1991,Zimbabwe,2,3918,131.4,62.14,0,3.3,112.86,14.3,42.9,42.9
"Mubarak, Jehan",10/02/1981,Sri Lanka,13,3030,17.1,-1,0,3.84,-1,-1,-1,-1
Mudassar Nazar,06/04/1956,Pakistan,76,1258,984.1,38.36,0,2.55,90.41,43.9,45.5,10.6
"Mukund, Abhinav",06/01/1990,India,5,3864,2,-1,0,7,-1,-1,-1,-1
"Mullally, Alan D",12/07/1969,England,19,2056,754.1,31.24,0,2.4,78.02,36.2,32.8,31
"Muller, Scott A",11/07/1971,Australia,2,2193,58,36.86,0,4.45,49.71,28.6,42.9,28.6
"Munro, Colin",11/03/1987,New Zealand,1,3985,18,20,0,2.22,54,0,50,50
"Munton, Timothy A",30/07/1965,England,2,1233,67.3,50,0,2.96,101.25,25,50,25
"Mupariwa, Tawanda",16/04/1985,Zimbabwe,1,3173,34,-1,0,4,-1,-1,-1,-1
"Muralitharan, Muttiah",17/04/1972,Sri Lanka,133,1234,7339.5,22.73,22,2.48,55.05,25.3,42.3,32.5
"Murphy, Brian A",01/12/1976,Zimbabwe,11,2218,358.5,61.83,0,3.1,119.61,27.8,27.8,44.4
"Murray, Darrin J",04/09/1967,New Zealand,8,2006,-1,20.2,-1,-1,-1,-1,-1,-1
"Murray, Junior R",20/01/1968,West Indies,33,1242,-1,22.39,-1,-1,-1,-1,-1,-1
Mushfiqur Rahim,01/09/1988,Bangladesh,48,3279,-1,32.32,-1,-1,-1,-1,-1,-1
Mushfiqur Rahman,01/01/1980,Bangladesh,10,2793,227.3,63.31,0,3.62,105,7.7,30.8,61.5
Mushtaq Ahmed,28/06/1970,Pakistan,52,18,2087.4,32.97,3,2.92,67.71,33,43.2,23.8
Mustafizur Rahman,06/09/1995,Bangladesh,2,4414,22.4,14.5,0,2.56,34,0,100,0
"Mutendera, David T",25/01/1979,Zimbabwe,1,2230,14,-1,0,2.07,-1,-1,-1,-1
"Mutizwa, Forster",24/08/1985,Zimbabwe,1,3639,-1,12,-1,-1,-1,-1,-1,-1
"Mutumbami, Richmond",11/06/1989,Zimbabwe,6,4019,-1,19.73,-1,-1,-1,-1,-1,-1
"Mwayenga, Waddington",20/06/1984,Zimbabwe,1,3061,21,79,0,3.76,126,0,100,0
Nadeem Abbasi,15/04/1964,Pakistan,3,4,-1,23,-1,-1,-1,-1,-1,-1
Nadeem Ghauri,12/10/1962,Pakistan,1,600,8,-1,0,2.5,-1,-1,-1,-1
Nadeem Khan,10/12/1969,Pakistan,2,932,72,115,0,3.19,216,50,50,0
Naeem Islam,31/12/1986,Bangladesh,8,3616,95.4,303,0,3.17,574,0,100,0
Nafis Iqbal,31/10/1985,Bangladesh,11,3144,-1,22.5,-1,-1,-1,-1,-1,-1
"Nagamootoo, Mahendra V",09/10/1975,West Indies,5,2229,249,53.08,0,2.56,124.5,33.3,41.7,25
Naimuir Rahman,19/09/1974,Bangladesh,8,2232,220.1,59.83,0,3.26,110.08,33.3,41.7,25
"Narine, Sunil P",26/05/1988,West Indies,6,3922,275,40.52,0,3.09,78.57,28.6,19,52.4
"Nash, Brendan P",14/12/1977,West Indies,21,3610,82,123.5,0,3.01,246,0,50,50
"Nash, Dion J",20/11/1971,New Zealand,32,1251,1032.4,28.48,1,2.57,66.62,41.9,39.8,18.3
Nasir Hossain,30/11/1991,Bangladesh,17,3878,143.3,51.63,0,2.88,107.63,37.5,50,12.5
Nasir Jamshed,06/12/1989,Pakistan,2,3521,-1,12.75,-1,-1,-1,-1,-1,-1
Naved Anjum,27/07/1963,Pakistan,2,77,57,40.5,0,2.84,85.5,50,25,25
Naved Ashraf,04/09/1974,Pakistan,2,2156,-1,21.33,-1,-1,-1,-1,-1,-1
Naved Latif,21/02/1976,Pakistan,1,2994,-1,10,-1,-1,-1,-1,-1,-1
Naved-ul-Hasan,28/02/1978,Pakistan,9,3102,260.5,58,0,4,86.94,44.4,27.8,27.8
"Nawaz, Mohamed N",20/09/1973,Sri Lanka,1,2801,-1,99,-1,-1,-1,-1,-1,-1
Nazimuddin,01/10/1985,Bangladesh,3,3538,-1,20.83,-1,-1,-1,-1,-1,-1
Nazmul Hossain,05/10/1987,Bangladesh,2,3225,54.5,38.8,0,3.54,65.8,80,0,20
"Ncube, Njabulo",14/10/1989,Zimbabwe,1,3919,35,121,0,3.46,210,0,100,0
"Neesham, James D S",17/09/1990,New Zealand,9,3986,129.5,39.33,0,3.64,64.92,16.7,41.7,41.7
"Nehra, Ashish",29/04/1979,India,17,2168,574.3,42.41,0,3.25,78.34,36.4,40.9,22.7
"Nel, Andre",15/07/1977,South Africa,36,2970,1271.4,31.86,1,3.08,62.03,29.3,39.8,30.9
"Nevill, Peter M",13/10/1985,Australia,9,4458,-1,27.3,-1,-1,-1,-1,-1,-1
"Newport, Philip J",11/10/1962,England,3,1266,111.3,41.7,0,3.74,66.9,20,60,20
"Ngam, Mfuneko",29/01/1979,South Africa,3,2253,65.2,17.18,0,2.89,35.64,54.5,18.2,27.3
"Nicholson, Matthew J",02/10/1974,Australia,1,2161,25,28.75,0,4.6,37.5,0,75,25
"Nicol, Robert J",28/05/1983,New Zealand,2,3784,2.5,-1,0,4.59,-1,-1,-1,-1
"Nissanka, Ratnayake A P",25/10/1980,Sri Lanka,4,2993,97.5,36.6,0,3.74,58.7,50,30,20
"Nkala, Mluleki L",01/04/1981,Zimbabwe,10,2222,242,66.09,0,3,132,54.5,36.4,9.1
"North, Marcus J",28/07/1979,Australia,21,3648,209.4,42.21,0,2.82,89.86,28.6,42.9,28.6
"Ntini, Makhaya",06/07/1977,South Africa,101,2137,3472.2,28.83,4,3.24,53.42,38.2,38.2,23.6
"Nyumbu, John",31/05/1985,Zimbabwe,2,4318,69.3,50,0,3.6,83.4,40,40,20
"O'Brien, Iain E",10/07/1976,New Zealand,22,3274,732.2,33.27,0,3.32,60.19,30.1,43.8,26
"O'Connor, Shayne B",15/11/1973,New Zealand,19,2110,611.1,32.53,0,2.82,69.19,43.4,30.2,26.4
"O'Donnell, Simon P",26/01/1963,Australia,6,1288,156.4,84,0,3.22,156.67,50,33.3,16.7
"Ojha, Naman V",20/07/1983,India,1,3789,-1,28,-1,-1,-1,-1,-1,-1
"Ojha, Pragyan P",05/09/1986,India,24,3574,1272.1,30.27,1,2.69,67.55,34.5,41.6,23.9
"O'Keefe, Stephen N J",09/12/1984,Australia,1,3811,57,54.75,0,3.84,85.5,50,25,25
"Olonga, Henry K",03/07/1976,Zimbabwe,30,2019,750.2,38.53,0,3.49,66.21,39.7,35.3,25
"Omarshah, Ali H",07/08/1959,Zimbabwe,3,1558,31,125,0,4.03,186,100,0,0
"Onions, Graham",09/09/1982,England,9,3676,267.4,29.91,0,3.58,50.19,40.6,25,34.4
"Ontong, Justin L",04/01/1980,South Africa,2,2969,30.5,133,0,4.31,185,0,0,100
"Oram, Jacob D P",28/07/1978,New Zealand,33,2811,826.2,32.92,0,2.39,82.63,30,40,30
"Ormond, James",20/08/1977,England,2,2981,62,92.5,0,2.98,186,50,50,0
"Owens, Michael B",11/11/1969,New Zealand,8,1304,179,34.41,0,3.27,63.18,23.5,58.8,17.6
"Pagon, Donovan J",13/09/1982,West Indies,2,3275,-1,12.33,-1,-1,-1,-1,-1,-1
"Paine, Timothy D",08/12/1984,Australia,4,3725,-1,35.88,-1,-1,-1,-1,-1,-1
"Pandit, Chandrakant S",30/09/1961,India,5,1319,-1,24.43,-1,-1,-1,-1,-1,-1
"Panesar, Mudhsuden S",25/04/1982,England,50,3350,2079.1,34.71,2,2.79,74.7,23.4,44.9,31.7
Pankaj Singh,06/05/1985,India,2,3790,75,146,0,3.89,225,0,50,50
"Panyangara, Tinashe",21/10/1985,Zimbabwe,9,3168,314.5,26.23,0,2.58,60.94,45.2,25.8,29
"Papps, Michael H W",02/07/1979,New Zealand,8,3161,-1,16.4,-1,-1,-1,-1,-1,-1
"Paranavitana, N Tharanga",15/04/1982,Sri Lanka,32,3646,17,86,0,5.06,102,100,0,0
"Parchment, Brenton A",24/06/1982,West Indies,2,3515,-1,13.75,-1,-1,-1,-1,-1,-1
"Parkar, Ghulam A",24/10/1955,India,1,1322,-1,3.5,-1,-1,-1,-1,-1,-1
"Parker, Paul W G",15/01/1956,England,1,1328,-1,6.5,-1,-1,-1,-1,-1,-1
"Parnell, Wayne D",30/07/1989,South Africa,4,3642,59.3,36.86,0,4.34,51,42.9,42.9,14.3
"Parore, Adam C",23/01/1971,New Zealand,78,1334,-1,26.28,-1,-1,-1,-1,-1,-1
"Pascal, Nelon T",25/04/1987,West Indies,2,3716,17,-1,0,3.47,-1,-1,-1,-1
"Patel, Dipak N",25/10/1958,New Zealand,37,1344,1099,42.05,0,2.87,87.92,33.3,38.7,28
"Patel, Jeetan S",07/05/1980,New Zealand,19,3321,787.1,48.46,0,3.2,90.83,34.6,42.3,23.1
"Patel, Minal M",07/07/1970,England,2,2058,46,180,0,3.91,276,0,100,0
"Patel, Munaf M",12/07/1983,India,13,3352,443,38.54,0,3.05,75.94,25.7,45.7,28.6
"Patel, Pathiv A",09/03/1985,India,20,3035,-1,29.7,-1,-1,-1,-1,-1,-1
"Patel, Rashid G M",01/06/1964,India,1,1346,14,-1,0,3.64,-1,-1,-1,-1
"Patel, Samit R",30/11/1984,England,6,3605,143,60.14,0,2.94,122.57,0,42.9,57.1
"Pathan, Irfan K",27/10/1984,India,29,3156,980.4,32.26,2,3.29,58.84,47,34,19
"Patil, Sandeep M",18/08/1956,India,29,1349,107.3,26.67,0,2.23,71.67,44.4,33.3,22.2
"Patterson, Balfour P",15/09/1961,West Indies,28,1350,804.5,30.9,0,3.57,51.92,35.5,30.1,34.4
"Pattinson, Darren J",02/08/1978,England,1,3598,30.1,48,0,3.18,90.5,50,50,0
"Pattinson, James L",03/05/1990,Australia,15,3854,487.3,25.76,0,3.28,47.18,41.9,41.9,16.1
"Payne, Thelston R O",13/02/1957,West Indies,1,1351,-1,5,-1,-1,-1,-1,-1,-1
"Peall, Stephen G",02/09/1970,Zimbabwe,4,1984,148,75.75,0,2.05,222,50,25,25
"Perera, M D Kusal J",17/08/1990,Sri Lanka,3,3994,-1,33.8,-1,-1,-1,-1,-1,-1
"Perera, M Dilruwan K",22/07/1982,Sri Lanka,9,3501,428.4,29.57,0,3.03,58.45,22.7,47.7,29.5
"Perera, N L Thissara C",03/04/1989,Sri Lanka,6,3747,159,59.36,0,4.11,86.73,54.5,36.4,9.1
"Perera, Panagodage D R L",27/10/1976,Sri Lanka,8,2169,188.2,38.88,0,3.51,66.47,47.1,41.2,11.8
"Perera, Suresh A",16/02/1978,Sri Lanka,3,2149,68,180,0,2.65,408,0,100,0
"Permaul, Veerasammy",11/08/1989,West Indies,6,3976,228.3,43.78,0,3.45,76.17,16.7,61.1,22.2
"Perry, Nehemiah O",16/06/1968,West Indies,4,2178,134,44.6,0,3.33,80.4,30,50,20
"Peters, Kenroy K",24/02/1982,West Indies,1,4371,20,34.5,0,3.45,60,50,50,0
"Petersen, Alviro N",25/11/1980,South Africa,36,3437,19,62,0,3.26,114,0,0,100
"Peterson, Robin J",04/08/1979,South Africa,15,3049,419.1,37.26,0,3.38,66.18,28.9,31.6,39.5
"Philander, Vernon D",24/06/1985,South Africa,32,3476,1010.5,22.09,2,2.75,48.13,38.1,38.1,23.8
"Phillips, Omar",12/10/1986,West Indies,2,3711,-1,40,-1,-1,-1,-1,-1,-1
"Phillips, Wayne B",01/03/1958,Australia,27,1366,-1,32.28,-1,-1,-1,-1,-1,-1
"Phillips, Wayne N",07/11/1962,Australia,1,1367,-1,11,-1,-1,-1,-1,-1,-1
"Piedt, Dane L",06/03/1990,South Africa,3,4317,157,29.89,0,3.43,52.33,44.4,44.4,11.1
"Pietersen, Kevin P",27/06/1980,England,104,3238,218.3,88.6,0,4.05,131.1,30,40,30
"Pigott, Anthony C S",04/06/1958,England,1,1370,17,37.5,0,4.41,51,50,50,0
"Plunkett, Liam E",06/04/1985,England,13,3331,443.1,37.46,0,3.47,64.85,36.6,41.5,22
"Pocock, Blair A",18/06/1971,New Zealand,15,1377,4,-1,0,5,-1,-1,-1,-1
"Pollock, Shaun M",16/07/1973,South Africa,108,2039,4058.5,23.12,1,2.4,57.85,35.6,34.9,29.5
"Ponting, Ricky T",19/12/1974,Australia,168,2041,97.5,55.2,0,2.82,117.4,40,40,20
"Powar, Ramesh R",20/05/1978,India,2,3164,42,19.67,0,2.81,42,16.7,66.7,16.7
"Powell, Daren B",15/04/1978,West Indies,37,3022,1179.3,47.86,0,3.45,83.26,42.4,28.2,29.4
"Powell, Kieran O A",06/03/1990,West Indies,21,3720,-1,27.49,-1,-1,-1,-1,-1,-1
"Powell, Ricardo L",16/12/1978,West Indies,2,2203,13,-1,0,3.77,-1,-1,-1,-1
"Prabhakar, Manoj M",15/04/1963,India,39,1392,1245.5,37.3,0,2.87,77.86,47.9,24,28.1
"Pradeep, A Nuwan",19/10/1986,Sri Lanka,17,3914,530.3,46.5,0,3.68,75.79,42.9,35.7,21.4
"Prasad, Kariyawasam T G D",30/05/1983,Sri Lanka,25,3341,721.1,35.97,0,3.74,57.69,52,34.7,13.3
"Prasad, Mannava S K",24/04/1975,India,6,2187,-1,11.78,-1,-1,-1,-1,-1,-1
"Prasanna, Seekkuge",27/06/1985,Sri Lanka,1,3881,23,-1,0,3.48,-1,-1,-1,-1
"Pretorius, Dewald",06/12/1977,South Africa,4,3015,95,71.67,0,4.53,95,33.3,66.7,0
"Price, Raymond W",12/06/1976,Zimbabwe,22,2201,1022.3,36.06,1,2.82,76.69,25,48.8,26.3
"Priest, Mark W",12/08/1961,New Zealand,3,1397,62.5,52.67,0,2.51,125.67,33.3,66.7,0
"Prince, Ashwell G",28/05/1977,South Africa,66,3013,16,47,0,2.94,96,100,0,0
"Pringle, Christopher",26/01/1968,New Zealand,14,1399,497.3,46.3,1,2.79,99.5,36.7,46.7,16.7
"Pringle, Derek R",18/09/1958,England,30,1400,881.1,35.97,0,2.86,75.53,21.4,40,38.6
"Pringle, Meyrick W",22/06/1966,South Africa,4,1401,108.4,54,0,2.48,130.4,40,40,20
"Prior, Matthew J",26/02/1982,England,79,3239,-1,40.19,-1,-1,-1,-1,-1,-1
"Pujara, Cheteshwar A",25/01/1988,India,32,3826,1,-1,0,2,-1,-1,-1,-1
"Pushpakumara, Karuppiahyage R",21/07/1975,Sri Lanka,23,1998,632,38.66,0,3.55,65.38,37.9,36.2,25.9
"Pycroft, Andrew J",06/06/1956,Zimbabwe,3,1407,-1,30.4,-1,-1,-1,-1,-1,-1
Qaiser Abbas,07/05/1982,Pakistan,1,2246,16,-1,0,2.19,-1,-1,-1,-1
Qasim Omar,09/02/1957,Pakistan,26,1301,1,-1,0,0,-1,-1,-1,-1
"Quiney, Robert J",20/08/1982,Australia,2,3974,25,-1,0,1.16,-1,-1,-1,-1
"Rabada, Kagiso",25/05/1995,South Africa,3,4339,49,55.5,0,2.27,147,0,50,50
"Rackeman, Carl G",03/06/1960,Australia,12,1413,453.1,29.15,1,2.51,69.72,28.2,43.6,28.2
"Radford, Neal V",07/06/1957,England,3,1414,113,87.75,0,3.11,169.5,50,50,0
Rafiqul Islam,07/11/1977,Bangladesh,1,3051,-1,3.5,-1,-1,-1,-1,-1,-1
"Ragoonath, Suruj",22/03/1968,West Indies,2,2171,-1,4.33,-1,-1,-1,-1,-1,-1
"Rahane, Ajinkya M",05/06/1988,India,22,3889,-1,44.97,-1,-1,-1,-1,-1,-1
Rahat Ali,12/09/1988,Pakistan,14,3955,470.4,36.25,0,3.08,70.6,40,37.5,22.5
"Rahul, K Lokesh",18/04/1992,India,5,4368,-1,25.6,-1,-1,-1,-1,-1,-1
"Raina, Suresh K",27/11/1986,India,18,3287,173.3,46.38,0,3.48,80.08,15.4,46.2,38.5
Rajin Saleh,20/11/1983,Bangladesh,24,3131,73,134,0,3.67,219,50,50,0
"Rajput, Lalchand S",18/12/1961,India,2,1421,-1,26.25,-1,-1,-1,-1,-1,-1
"Raman, Woorkeri V",23/05/1965,India,11,1424,58,64.5,0,2.22,174,0,50,50
"Ramanayake, Champaka P H",08/01/1965,Sri Lanka,18,1425,609,42.73,0,3.09,83.05,47.7,34.1,18.2
"Ramdass, Ryan",03/07/1983,West Indies,1,3286,-1,13,-1,-1,-1,-1,-1,-1
"Ramdin, Denesh",13/10/1985,West Indies,73,3285,-1,25.55,-1,-1,-1,-1,-1,-1
"Ramesh, Sadagopan",13/10/1975,India,19,2166,9,-1,0,4.78,-1,-1,-1,-1
Ramiz Raja,14/08/1962,Pakistan,57,1418,-1,31.83,-1,-1,-1,-1,-1,-1
"Ramnarine, Dinanath",04/06/1975,West Indies,12,2131,582.3,30.73,0,2.37,77.67,20,55.6,24.4
"Rampaul, Ravindranath",15/10/1984,West Indies,18,3149,573.2,34.8,0,2.97,70.2,51,30.6,18.4
"Ramprakash, Mark R",05/09/1969,England,52,1429,149.1,119.25,0,3.2,223.75,50,50,0
"Ranasinghe, Anura N",13/10/1956,Sri Lanka,2,1432,19,69,0,3.63,114,0,100,0
"Ranatunga, Arjuna",01/12/1963,Sri Lanka,93,1433,395.3,65,0,2.63,148.31,31.3,56.3,12.5
"Ranatunga, Dammika",12/10/1962,Sri Lanka,2,1434,-1,29,-1,-1,-1,-1,-1,-1
"Ranatunga, Sanjeeva",25/04/1969,Sri Lanka,9,1999,-1,33.19,-1,-1,-1,-1,-1,-1
"Ranchod, Ujesh",17/05/1969,Zimbabwe,1,1435,12,45,0,3.75,72,0,100,0
"Randiv, Suraj",30/01/1985,Sri Lanka,12,3746,524.2,37.51,0,3.08,73.16,32.6,23.3,44.2
Ranjan Das,14/07/1982,Bangladesh,1,2242,22,72,0,3.27,132,100,0,0
"Rankin, William B",05/07/1984,England,1,3459,20.5,81,0,3.89,125,0,0,100
Raqibul Hasan Jnr,08/10/1987,Bangladesh,9,3537,7,17,0,2.43,42,0,100,0
"Rashid, Adil U",17/02/1988,England,3,3696,136.5,69.5,0,4.06,102.63,0,50,50
Rashid Khan,15/12/1959,Pakistan,4,933,123,45,0,2.93,92.25,50,50,0
Rashid Latif,14/10/1968,Pakistan,37,986,2,-1,0,5,-1,-1,-1,-1
"Rathore, Vikram S",26/03/1969,India,6,2052,-1,13.1,-1,-1,-1,-1,-1,-1
"Ratnayake, Rumesh J",02/01/1964,Sri Lanka,23,1443,826.5,34.64,0,3.1,67.04,37.8,29.7,32.4
"Ratnayeke, Joseph R",02/05/1960,Sri Lanka,22,1444,638.5,35.85,0,3.09,69.69,30.9,49.1,20
"Ratra, Ajay",13/12/1981,India,6,3009,1,-1,0,1,-1,-1,-1,-1
"Razdan, Vivek",25/08/1969,India,2,1446,40,28.2,0,3.53,48,40,20,40
"Read, Christopher M W",10/08/1978,England,15,2182,-1,18.95,-1,-1,-1,-1,-1,-1
"Redmond, Aaron J",23/09/1979,New Zealand,8,3547,17.3,26.67,0,4.57,35,0,33.3,66.7
"Reeve, Dermot A",02/04/1963,England,3,1454,24.5,30,0,2.42,74.5,0,50,50
"Reid, Bruce A",14/03/1963,Australia,27,1457,1040.4,24.64,2,2.68,55.26,39.8,36.3,23.9
"Reid, John F",03/03/1956,New Zealand,19,1458,3,-1,0,2.33,-1,-1,-1,-1
"Reifer, Floyd L",23/07/1972,West Indies,6,2100,-1,9.25,-1,-1,-1,-1,-1,-1
"Reiffel, Paul R",19/04/1966,Australia,35,1461,1067.1,26.96,0,2.63,61.57,44.2,32.7,23.1
"Rennie, Gavin J",12/01/1976,Zimbabwe,23,2111,21,84,0,4,126,100,0,0
"Rennie, John A",20/07/1970,Zimbabwe,4,1985,120.4,97.67,0,2.43,241.33,66.7,0,33.3
"Rhodes, Jonathan N",26/07/1969,South Africa,52,1465,2,-1,0,2.5,-1,-1,-1,-1
"Rhodes, Steven John",17/06/1964,England,11,1989,-1,24.5,-1,-1,-1,-1,-1,-1
Riaz Afridi,21/01/1985,Pakistan,1,3232,31,43.5,0,2.81,93,50,50,0
"Richards, Clifton J",10/08/1958,England,8,1469,-1,21.92,-1,-1,-1,-1,-1,-1
"Richards, Dale M",16/07/1976,West Indies,3,3712,-1,20.83,-1,-1,-1,-1,-1,-1
"Richardson, David J",16/09/1959,South Africa,42,1473,-1,24.27,-1,-1,-1,-1,-1,-1
"Richardson, Mark H",11/06/1971,New Zealand,38,2231,11,21,0,1.91,66,0,100,0
"Richardson, Richard B",12/01/1962,West Indies,86,1476,11,-1,0,1.64,-1,-1,-1,-1
"Ritchie, Gregory M",23/01/1960,Australia,30,1484,1,-1,0,10,-1,-1,-1,-1
Rizwan-Uz-Zaman,04/09/1962,Pakistan,11,1800,22,11.5,0,2.09,33,0,25,75
"Roach, Kemar A J",30/06/1988,West Indies,36,3611,1125.5,30,1,3.25,55.37,41,28.7,30.3
"Roberts, Lincoln A",04/09/1974,West Indies,1,2179,-1,0,-1,-1,-1,-1,-1,-1
"Robertson, Gary K",15/07/1960,New Zealand,1,1491,24,91,0,3.79,144,0,100,0
"Robertson, Gavin R",28/05/1966,Australia,4,2132,149.4,39.62,0,3.44,69.08,23.1,38.5,38.5
"Robinson, Robert T",21/11/1958,England,29,1498,1,-1,0,0,-1,-1,-1,-1
Robiul Islam,20/10/1986,Bangladesh,9,3785,310,39.68,0,3.2,74.4,48,40,12
"Robson, Sam D",01/07/1989,England,7,4309,-1,30.55,-1,-1,-1,-1,-1,-1
"Rogers, Barney G",20/08/1982,Zimbabwe,4,3058,3,-1,0,5.67,-1,-1,-1,-1
"Rogers, Christopher J L",31/08/1977,Australia,25,3519,-1,42.87,-1,-1,-1,-1,-1,-1
"Ronchi, Luke",23/04/1981,New Zealand,1,3573,-1,59.5,-1,-1,-1,-1,-1,-1
"Root, Joseph E",30/12/1990,England,36,3981,182.3,45.58,0,3,91.25,41.7,41.7,16.7
"Rose, Franklyn A",02/02/1972,West Indies,19,2092,520.4,30.83,0,3.14,58.94,32.1,41.5,26.4
"Roy, Pranab",10/02/1957,India,2,1512,-1,35.5,-1,-1,-1,-1,-1,-1
Rubel Hossain,01/01/1990,Bangladesh,23,3635,622,75.91,0,3.91,116.63,43.8,40.6,15.6
"Rudolph, Jacobus A",04/05/1981,South Africa,48,3109,110.4,108,0,3.9,166,50,50,0
"Rushmere, Mark W",07/01/1965,South Africa,1,1515,-1,3,-1,-1,-1,-1,-1,-1
"Russell, Andre D",29/04/1988,West Indies,1,3836,23,104,0,4.52,138,100,0,0
"Russell, Robert C",15/08/1963,England,54,1517,-1,27.1,-1,-1,-1,-1,-1,-1
"Rutherford, Hamish D",27/04/1989,New Zealand,16,3999,1,-1,0,2,-1,-1,-1,-1
"Rutherford, Kenneth R",26/10/1965,New Zealand,56,1520,42.4,161,0,3.77,256,0,100,0
"Ryder, Jesse D",06/08/1984,New Zealand,18,3532,82,56,0,3.41,98.4,40,40,20
Saeed Ajmal,14/10/1977,Pakistan,35,3591,1932.4,28.11,4,2.59,65.15,22.5,43.3,34.3
Saeed Anwar,06/09/1968,Pakistan,55,81,8,-1,0,2.88,-1,-1,-1,-1
"Saggers, Martin J",23/05/1972,England,3,3140,82.1,35.29,0,3.01,70.43,28.6,57.1,14.3
"Saha, Wriddhiman P",24/10/1984,India,11,3759,-1,21.59,-1,-1,-1,-1,-1,-1
Sajidul Islam,18/01/1988,Bangladesh,3,3518,55,77.33,0,4.22,110,66.7,33.3,0
Saleem Elahi,21/11/1976,Pakistan,13,2031,-1,18.96,-1,-1,-1,-1,-1,-1
Saleem Malik,16/04/1963,Pakistan,103,1070,122.2,82.8,0,3.38,146.8,20,20,60
Saleem Yousuf,07/12/1959,Pakistan,32,1960,-1,27.05,-1,-1,-1,-1,-1,-1
Salim Jaffer,19/11/1962,Pakistan,14,855,421.5,31.64,0,2.7,70.31,36.1,52.8,11.1
"Salisbury, Ian D K",21/01/1970,England,15,1526,415.2,76.95,0,3.71,124.6,25,55,20
Salman Butt,07/10/1984,Pakistan,33,3132,22.5,106,0,4.64,137,0,100,0
"Samarasekera, Maitipage A R",04/08/1961,Sri Lanka,4,1527,32,34.67,0,3.25,64,66.7,0,33.3
"Samaraweera, Dulip P",12/02/1972,Sri Lanka,7,1981,-1,15.07,-1,-1,-1,-1,-1,-1
"Samaraweera, Thilan T",22/09/1976,Sri Lanka,81,2858,221.1,45.93,0,3.12,88.47,26.7,46.7,26.7
Sami Aslam,12/12/1995,Pakistan,2,4413,-1,15.67,-1,-1,-1,-1,-1,-1
"Sammy, Darren J G",20/12/1983,West Indies,38,3228,1035.5,35.8,0,2.9,73.99,42.9,34.5,22.6
"Samuels, Marlon N",05/01/1981,West Indies,63,2255,732,59.63,0,3.34,107.12,29.3,31.7,39
"Samuels, Robert G",13/03/1971,West Indies,6,2050,-1,37.2,-1,-1,-1,-1,-1,-1
"Sandhu, Balwinder S",03/08/1956,India,8,1530,170,55.7,0,3.28,102,70,20,10
"Sanford, Adam",12/07/1976,West Indies,11,3019,369.3,43.87,0,3.56,73.9,36.7,30,33.3
"Sangakkara, Kumar C",27/10/1977,Sri Lanka,134,2226,14,-1,0,3.5,-1,-1,-1,-1
"Sanghvi, Rahul L",03/09/1974,India,1,2259,12.2,39,0,6.32,37,0,50,50
"Santner, Mitchell J",05/02/1992,New Zealand,3,4429,68.1,31,0,2.73,68.17,16.7,33.3,50
Sanwar Hossain,05/08/1973,Bangladesh,9,2861,74,62,0,4.19,88.8,80,20,0
Saqlain Mushtaq,27/11/1976,Pakistan,49,2032,2345,29.84,3,2.65,67.64,28.4,37,34.6
Sarandeep Singh,21/10/1979,India,3,2251,113,34,0,3.01,67.8,50,40,10
Sarfraz Ahmed,22/05/1987,Pakistan,21,3513,-1,46.29,-1,-1,-1,-1,-1,-1
"Sarwan, Ramnaresh R",23/06/1980,West Indies,87,2220,337,50.57,0,3.45,87.91,17.4,60.9,21.7
"Schofield, Christopher P",06/10/1978,England,2,2221,18,-1,0,4.06,-1,-1,-1,-1
"Schultz, Brett N",26/08/1970,South Africa,9,1536,288.5,20.24,0,2.59,46.84,27,48.6,24.3
"Sehwag, Virender",20/10/1978,India,104,2878,621.5,47.35,0,3.05,93.28,27.5,45,27.5
"Sekar, Thirumalai A P",28/03/1956,India,2,1548,34,-1,0,3.79,-1,-1,-1,-1
"Senanayake, Charith P",15/12/1962,Sri Lanka,3,1553,-1,19.4,-1,-1,-1,-1,-1,-1
"Senanayake, S M Sachithra M",09/02/1985,Sri Lanka,1,3928,23,-1,0,4.17,-1,-1,-1,-1
"Sewell, David G",20/10/1977,New Zealand,1,2112,23,-1,0,3.91,-1,-1,-1,-1
Shabbir Ahmed,21/04/1976,Pakistan,10,2866,429.2,23.04,0,2.74,50.51,27.5,27.5,45.1
Shadab Kabir,12/11/1977,Pakistan,5,2062,1,-1,0,9,-1,-1,-1,-1
Shafiul Islam,06/10/1989,Bangladesh,8,3748,233,50.53,0,3.25,93.2,53.3,20,26.7
"Shah, Owais A",22/10/1978,England,6,2974,5,-1,0,6.2,-1,-1,-1,-1
Shahadat Hossain,07/08/1988,Bangladesh,38,3280,896.4,51.82,0,4.16,74.72,41.7,33.3,25
Shahid Afridi,01/03/1980,Pakistan,27,2152,532.2,35.6,0,3.21,66.54,8.3,47.9,43.8
Shahid Mahboob,25/08/1962,Pakistan,1,1058,49,65.5,0,2.67,147,0,100,0
Shahid Nazir,04/12/1977,Pakistan,15,2069,372.2,35.33,0,3.42,62.06,30.6,50,19.4
Shahid Saeed,06/01/1966,Pakistan,1,1522,15,-1,0,2.87,-1,-1,-1,-1
Shahriar Hossain,01/06/1976,Bangladesh,3,2233,-1,19.8,-1,-1,-1,-1,-1,-1
Shahriar Nafees,25/01/1986,Bangladesh,24,3283,1,-1,0,9,-1,-1,-1,-1
Shakeel Ahmed,12/11/1971,Pakistan,3,22,-1,14.8,-1,-1,-1,-1,-1,-1
Shakeel Ahmed,12/02/1966,Pakistan,1,2151,54.1,34.75,0,2.57,81.25,0,50,50
Shakib Al Hasan,24/03/1987,Bangladesh,42,3426,1630.2,33.31,1,3,66.54,28.6,41.5,29.9
Shamsur Rahman,05/06/1988,Bangladesh,6,4018,1,-1,0,5,-1,-1,-1,-1
Shan Masood,14/10/1989,Pakistan,7,4246,-1,25.79,-1,-1,-1,-1,-1,-1
"Sharma, Ajay K",03/04/1964,India,1,1560,4,-1,0,2.25,-1,-1,-1,-1
"Sharma, Chetan",03/01/1966,India,23,1561,578.2,35.46,1,3.74,56.89,41,34.4,24.6
"Sharma, Gopal",03/08/1960,India,5,1562,217.5,41.8,0,1.92,130.7,20,60,20
"Sharma, Ishant",02/09/1988,India,68,3470,2236.3,36.9,1,3.32,66.76,34.3,40.3,25.4
"Sharma, Karn V",23/10/1987,India,1,4115,49,59.5,0,4.86,73.5,75,25,0
"Sharma, Rohit G",30/04/1987,India,16,3474,54.4,98.5,0,3.6,164,50,50,0
"Sharma, Sanjeev K",25/08/1965,India,2,1564,69,41.17,0,3.58,69,33.3,16.7,50
"Shastri, Ravishankar J",27/05/1962,India,80,1570,2625.1,40.97,0,2.36,104.31,30.5,43,26.5
"Shillingford, Shane",22/02/1983,West Indies,16,3791,782.2,34.56,2,3.09,67.06,38.6,40,21.4
Shoaib Akhtar,13/08/1975,Pakistan,46,2124,1357.1,25.7,2,3.37,45.75,36,35.4,28.7
Shoaib Malik,01/02/1982,Pakistan,35,2879,452,47.47,0,3.36,84.75,46.9,25,28.1
Shoaib Mohammad,08/01/1962,Pakistan,45,1201,66,34,0,2.58,79.2,0,80,20
Shuvagata Hom,11/11/1986,Bangladesh,7,3879,131,59.13,0,3.61,98.25,75,25,0
"Sibanda, Vusimuzi",10/10/1983,Zimbabwe,14,3141,-1,21.11,-1,-1,-1,-1,-1,-1
"Siddiqui, Iqbal R",21/12/1974,India,1,3001,19,48,0,2.53,114,0,100,0
"Siddle, Peter M",25/11/1984,Australia,60,3618,2098.5,30,0,2.93,61.43,30.2,39,30.7
"Sidebottom, Ryan J",15/01/1978,England,22,2971,802,28.24,1,2.78,60.91,35.4,36.7,27.8
"Sidhu, Navjot S",20/10/1963,India,51,1591,1,-1,0,9,-1,-1,-1,-1
Sikandar Raza,24/04/1986,Zimbabwe,4,4022,82,60.6,0,3.7,98.4,20,60,20
Sikander Bakht,25/08/1957,Pakistan,26,120,749.2,36,1,2.97,72.69,41.8,40.3,17.9
"Silva, J Kaushal",27/05/1986,Sri Lanka,24,3920,-1,31.91,-1,-1,-1,-1,-1,-1
"Silva, Kelaniyage J",02/06/1973,Sri Lanka,7,2045,255.3,32.35,0,2.53,76.65,25,50,25
"Silva, Lindamlilage P C",14/12/1979,Sri Lanka,11,2882,17,65,0,3.82,102,100,0,0
"Silva, Sampathawudage A R",12/12/1960,Sri Lanka,9,1594,-1,25.21,-1,-1,-1,-1,-1,-1
"Silverwood, Christopher E W",05/03/1975,England,6,2085,138,40.36,0,3.22,75.27,36.4,27.3,36.4
"Simmons, Lendl M P",25/01/1985,West Indies,8,3447,32,147,0,4.59,192,0,100,0
"Simmons, Philip V",18/04/1963,West Indies,26,1595,104,64.25,0,2.47,156,50,25,25
"Sinclair, Matthew S",09/11/1975,New Zealand,33,2206,7,-1,0,2,-1,-1,-1,-1
"Singh, Rabindra R",14/09/1963,India,1,2158,10,-1,0,3.2,-1,-1,-1,-1
"Singh, Robin",01/01/1970,India,1,2164,40,58.67,0,4.4,80,0,66.7,33.3
"Singh, Rudra P",06/12/1985,India,14,3332,422.2,42.05,0,3.98,63.35,37.5,50,12.5
"Singh, Vikram R",17/09/1984,India,5,3354,111.3,53.38,0,3.83,83.63,12.5,37.5,50
"Siriwardana, T A Milinda",04/12/1985,Sri Lanka,4,4453,53.3,23.13,0,3.46,40.13,37.5,62.5,0
"Sivaramakrishnan, Laxman",31/12/1965,India,9,1612,394.3,44.04,1,2.9,91.04,34.6,38.5,26.9
"Slater, Michael J",21/02/1970,Australia,74,1615,4.1,10,0,2.4,25,0,0,100
"Sleep, Peter R",04/05/1957,Australia,14,1616,492,45.06,0,2.81,96.19,25.8,41.9,32.3
"Small, Gladstone C",18/10/1961,England,17,1619,654.3,34.02,0,2.86,71.4,47.3,34.5,18.2
"Small, Milton A",12/02/1964,West Indies,2,1621,45,38.25,0,3.4,67.5,75,25,0
"Smith, Andrew M",01/10/1967,England,1,2102,23,-1,0,3.87,-1,-1,-1,-1
"Smith, Christopher L",15/10/1958,England,8,1627,17,13,0,2.29,34,0,33.3,66.7
"Smith, David M",09/01/1956,England,2,1629,-1,20,-1,-1,-1,-1,-1,-1
"Smith, Devon S",21/10/1981,West Indies,38,3105,1,-1,0,3,-1,-1,-1,-1
"Smith, Dwayne R",12/04/1983,West Indies,10,3157,108.3,49.14,0,3.17,93,0,71.4,28.6
"Smith, Edward T",19/07/1977,England,3,3130,-1,17.4,-1,-1,-1,-1,-1,-1
"Smith, Graeme C",01/02/1981,South Africa,117,3014,236.2,110.63,0,3.74,177.25,12.5,62.5,25
"Smith, Ian D S",28/02/1957,New Zealand,63,1638,3,-1,0,1.67,-1,-1,-1,-1
"Smith, Robin A",13/09/1963,England,62,1641,4,-1,0,1.5,-1,-1,-1,-1
"Smith, Stephen B",18/10/1961,Australia,3,1642,-1,8.2,-1,-1,-1,-1,-1,-1
"Smith, Steven P D",02/06/1989,Australia,38,3756,193,52.31,0,4.34,72.38,12.5,75,12.5
"Snedden, Martin C",23/11/1958,New Zealand,25,1647,795.5,37.91,0,2.76,82.33,37.9,34.5,27.6
"Snell, Richard P",12/09/1968,South Africa,5,1648,170.5,28.32,0,3.15,53.95,31.6,36.8,31.6
"Sodhi, Inderbir S",31/10/1992,New Zealand,11,4243,375.4,52.81,0,3.8,83.48,29.6,37,33.3
Sohag Gazi,05/08/1991,Bangladesh,10,3975,525.1,42.08,0,3.04,82.92,36.8,31.6,31.6
Sohail Khan,06/03/1984,Pakistan,2,3525,57,245,0,4.3,342,0,100,0
Sohail Tanvir,12/12/1984,Pakistan,2,3502,84,63.2,0,3.76,100.8,60,20,20
Soumya Sarkar,25/02/1993,Bangladesh,3,4362,30.4,115,0,3.75,184,100,0,0
"Southee, Timothy G",11/12/1988,New Zealand,46,3542,1683.2,31.47,1,3.05,61.96,37.4,39.9,22.7
"Spearman, Craig M",04/07/1972,New Zealand,19,2042,-1,26.34,-1,-1,-1,-1,-1,-1
"Sreesanth, Shanthakumaran",06/02/1983,India,27,3327,903.1,37.6,0,3.62,62.29,42.5,41.4,16.1
"Srikkanth, Krishnamachari",21/12/1959,India,43,1664,36,-1,0,3.14,-1,-1,-1,-1
"Srinath, Javagal",31/08/1969,India,67,1665,2517.2,30.49,1,2.86,64,38.6,37.3,24.2
"Starc, Mitchell A",30/01/1990,Australia,25,3830,815.1,30.58,0,3.41,53.75,35.2,35.2,29.7
"Stead, Garry R",09/01/1972,New Zealand,5,2176,1,-1,0,1,-1,-1,-1,-1
"Stephenson, John P",14/03/1965,England,1,1676,-1,18,-1,-1,-1,-1,-1,-1
"Stevenson, Graham B",16/12/1955,England,2,1679,52,36.6,0,3.52,62.4,40,20,40
"Stewart, Alec J",08/04/1963,England,133,1680,3.2,-1,0,3.9,-1,-1,-1,-1
"Steyn, Dale W",27/06/1983,South Africa,82,3242,2826,22.54,5,3.24,41.76,32,35.7,32.3
"Steyn, Phillipus J R",30/07/1967,South Africa,3,2012,-1,21.17,-1,-1,-1,-1,-1,-1
"Stirling, Derek A",05/10/1961,New Zealand,6,1683,150.2,46.23,0,4,69.38,38.5,46.2,15.4
"Stokes, Benjamin A",04/06/1991,England,20,3883,519.5,40.67,0,3.6,67.8,28.3,39.1,32.6
"Strang, Brian C",09/06/1972,Zimbabwe,26,2017,905.2,39.34,0,2.43,97,25,48.2,26.8
"Strang, Paul A",28/07/1970,Zimbabwe,24,2005,953.2,36.03,1,2.65,81.71,28.6,34.3,37.1
"Strauss, Andrew J",02/03/1977,England,100,3148,-1,40.91,-1,-1,-1,-1,-1,-1
"Streak, Heath H",16/03/1974,Zimbabwe,65,1986,2259.5,28.14,0,2.69,62.77,39.4,36.1,24.5
"Strydom, Pieter C",10/06/1969,South Africa,2,2207,6,-1,0,4.5,-1,-1,-1,-1
"Stuart, Colin E L",28/09/1973,West Indies,6,2256,186,31.4,0,3.38,55.8,35,40,25
"Styris, Scott B",10/07/1975,New Zealand,29,2899,327.4,51.15,0,3.12,98.3,35,30,35
"Su'A, Murphy L",07/11/1966,New Zealand,13,1693,473.5,38.25,0,2.91,78.97,36.1,38.9,25
"Such, Peter M",12/06/1964,England,11,1696,520.4,33.57,0,2.39,84.43,40.5,29.7,29.7
Suhrawadi Shuvo,21/11/1988,Bangladesh,1,3771,49.3,36.5,0,2.95,74.25,50,50,0
"Swann, Graeme P",24/03/1979,England,60,2906,2558.1,29.97,3,2.99,60.19,30.2,41.2,28.6
Syed Ali U Naqvi,19/03/1977,Pakistan,5,2115,2,-1,0,5.5,-1,-1,-1,-1
Syed Rasel,03/07/1984,Bangladesh,6,3323,146.3,47.75,0,3.91,73.25,66.7,33.3,0
"Symcox, Patrick L",14/04/1960,South Africa,20,1706,593.3,43.32,0,2.7,96.24,27,54.1,18.9
"Symonds, Andrew",09/06/1975,Australia,26,2907,349,37.33,0,2.57,87.25,25,54.2,20.8
Tahir Naqqash,06/07/1959,Pakistan,15,1249,466.4,41.12,0,3,82.35,35.3,38.2,26.5
"Taibu, Tatenda",14/05/1983,Zimbabwe,28,2975,8,27,0,3.38,48,100,0,0
Taijul Islam,07/02/1992,Bangladesh,9,4324,374.5,33.94,0,3.26,62.47,33.3,27.8,38.9
"Tait, Shaun W",22/02/1983,Australia,3,3319,69,60.4,0,4.38,82.8,20,60,20
Talha Jubair,10/12/1985,Bangladesh,7,3023,181.4,55.07,0,4.24,77.86,42.9,35.7,21.4
Tamim Iqbal,20/03/1989,Bangladesh,42,3461,5,-1,0,4,-1,-1,-1,-1
Tanvir Ahmed,20/12/1978,Pakistan,5,3837,117.5,26.65,0,3.84,41.59,47.1,35.3,17.6
Tapash Baisya,25/12/1982,Bangladesh,21,3032,562.4,59.36,0,3.8,93.78,61.1,30.6,8.3
Tareq Aziz,04/09/1983,Bangladesh,3,3010,60,261,0,4.35,360,100,0,0
Taufeeq Umar,20/06/1981,Pakistan,44,2982,13,-1,0,3.38,-1,-1,-1,-1
Tausif Ahmed,10/05/1958,Pakistan,34,23,1296.2,31.72,0,2.28,83.63,33.3,41.9,24.7
"Taylor, Brendan R M",06/02/1986,Zimbabwe,23,3169,7,-1,0,5.43,-1,-1,-1,-1
"Taylor, James W A",06/01/1990,England,4,3884,-1,34,-1,-1,-1,-1,-1,-1
"Taylor, Jerome E",22/06/1984,West Indies,45,3122,1288.5,34.25,0,3.46,59.48,43.8,42.3,13.8
"Taylor, Jonathan P",08/08/1964,England,2,1729,48,52,0,3.25,96,33.3,66.7,0
"Taylor, Luteru R P L",08/03/1984,New Zealand,69,3348,16,24,0,3,48,0,0,100
"Taylor, Mark A",27/10/1964,Australia,104,1732,7,26,0,3.71,42,0,100,0
"Taylor, Peter L",22/08/1956,Australia,13,1733,371.1,39.56,0,2.88,82.48,14.8,55.6,29.6
"Tendulkar, Sachin R",24/04/1973,India,200,1735,706.4,54.17,0,3.53,92.17,26.1,39.1,34.8
"Terbrugge, David J",31/01/1977,South Africa,7,2153,168.4,25.85,0,3.07,50.6,35,50,15
"Terry, Vivian P",14/01/1959,England,2,1737,-1,5.33,-1,-1,-1,-1,-1,-1
"Tharanga, W Upul",02/02/1985,Sri Lanka,21,3291,-1,30.19,-1,-1,-1,-1,-1,-1
"Thirimanne, H D R Lahiru",08/09/1989,Sri Lanka,23,3749,14,-1,0,3.64,-1,-1,-1,-1
"Thomas, John G",12/08/1960,England,5,1740,129,50.4,0,3.91,77.4,30,30,40
"Thompson, Patterson I C",26/09/1971,West Indies,2,2051,38,43,0,5.66,45.6,20,60,20
"Thomson, Shane A",27/01/1969,New Zealand,19,1748,331.4,50.16,0,2.87,104.74,31.6,57.9,10.5
"Thorpe, Graham P",01/08/1969,England,100,1750,23,-1,0,1.61,-1,-1,-1,-1
"Thushara, Thilan",01/03/1981,Sri Lanka,10,3126,278,37.14,0,3.74,59.57,46.4,35.7,17.9
"Tillakaratne, Hashan P",14/07/1967,Sri Lanka,83,1752,12.4,-1,0,1.97,-1,-1,-1,-1
"Tiripano, Donald T",17/03/1988,Zimbabwe,1,4314,26,32.5,0,2.5,78,50,0,50
"Tonge, Gavin C",13/01/1983,West Indies,1,3717,28,113,0,4.04,168,100,0,0
"Tredwell, James C",27/02/1982,England,2,3772,131,29.18,0,2.45,71.45,36.4,27.3,36.4
"Tremlett, Christopher T",02/09/1981,England,12,3282,483.4,27,0,2.96,54.75,35.8,45.3,18.9
"Trescothick, Marcus E",25/12/1975,England,76,2228,50,155,0,3.1,300,100,0,0
"Trott, Ian J L",22/04/1981,England,52,3693,118,80,0,3.39,141.6,20,80,0
"Tsolekile, Thami L",09/10/1980,South Africa,3,3234,-1,9.4,-1,-1,-1,-1,-1,-1
"Tsotsobe, Lonwabo L",07/03/1984,South Africa,5,3641,145,49.78,0,3.09,96.67,33.3,66.7,0
"Tudor, Alex Jeremy",23/10/1977,England,10,2155,252,34.39,0,3.82,54,32.1,46.4,21.4
"Tuffey, Daryl R",11/06/1978,New Zealand,26,2219,812.5,31.75,0,3.01,63.34,37.7,41.6,20.8
"Tufnell, Philip C R",29/04/1966,England,42,1781,1880.2,37.69,2,2.43,93.24,24,47.1,28.9
Tushar Imran,10/12/1983,Bangladesh,5,2998,10,-1,0,4.8,-1,-1,-1,-1
"Twose, Roger G",17/04/1968,New Zealand,16,2038,35.1,43.33,0,3.7,70.33,33.3,66.7,0
"Udal, Shaun D",18/03/1969,England,4,2918,99.2,43,0,3.46,74.5,25,37.5,37.5
Umar Akmal,26/05/1990,Pakistan,16,3721,-1,35.82,-1,-1,-1,-1,-1,-1
Umar Amin,16/10/1989,Pakistan,4,3793,22,21,0,2.86,44,66.7,33.3,0
Umar Gul,14/04/1984,Pakistan,47,3100,1599.5,34.07,0,3.47,58.89,40.5,33.7,25.8
"Unadkat, Jaydev D",18/10/1991,India,1,3838,26,-1,0,3.88,-1,-1,-1,-1
"Upashantha, Kalutarage Eric A",10/06/1972,Sri Lanka,2,2170,51,50,0,3.92,76.5,50,50,0
"Utseya, Prosper",26/03/1985,Zimbabwe,4,3170,125.3,41,0,3.27,75.3,20,40,40
"Vaas, W P U J Chaminda",21/01/1974,Sri Lanka,111,2000,3906.2,29.58,2,2.69,66.02,42,35.2,22.8
"van Jaarsveld, Martin",18/06/1974,South Africa,9,3050,7,-1,0,4,-1,-1,-1,-1
"van Wyk, Cornelius  F K",07/02/1980,New Zealand,9,3943,-1,21.31,-1,-1,-1,-1,-1,-1
"van Zyl, Stiaan",19/09/1987,South Africa,9,4366,51.1,16,0,1.88,51.17,16.7,50,33.3
"Vance, Robert H",31/03/1955,New Zealand,4,1808,-1,29.57,-1,-1,-1,-1,-1,-1
"Vandort, Michael G",19/01/1980,Sri Lanka,20,2983,-1,36.9,-1,-1,-1,-1,-1,-1
"Vaughan, Justin T C",30/08/1967,New Zealand,6,1810,173.2,40.91,0,2.6,94.55,9.1,45.5,45.5
"Vaughan, Michael P",29/10/1974,England,82,2200,163,93.5,0,3.44,163,33.3,50,16.7
"Veletta, Michael R J",30/10/1963,Australia,8,1812,-1,18.82,-1,-1,-1,-1,-1,-1
"Vengsarkar, Dillip B",06/04/1956,India,116,1813,7.5,-1,0,4.6,-1,-1,-1,-1
"Venkatapathy Raju, Sagi L",09/07/1969,India,28,1422,1267,30.72,1,2.25,81.74,19.4,48.4,32.3
"Venkataramana, Margasaghayam",24/04/1966,India,1,1815,11.4,58,0,4.97,70,100,0,0
"Venkatesh Prasad, Bapu K",05/08/1969,India,33,2055,1173.3,35,1,2.86,73.34,32.3,41.7,26
"Vermeulen, Mark A",02/03/1979,Zimbabwe,9,2926,1,-1,0,5,-1,-1,-1,-1
"Vettori, Daniel L",27/01/1979,New Zealand,113,2090,4802.2,34.37,3,2.59,79.6,25.4,40.6,34
"Vijay, Murali",01/04/1984,India,37,3626,38,107,0,2.82,228,0,100,0
"Vilas, Dane J",10/06/1985,South Africa,5,3950,-1,8.57,-1,-1,-1,-1,-1,-1
"Viljoen, Dirk P",11/03/1977,Zimbabwe,2,2135,17.3,65,0,3.71,105,0,100,0
"Vinay Kumar, Ranganath",12/02/1984,India,1,3782,13,73,0,5.62,78,0,100,0
"Vincent, Lou",11/11/1978,New Zealand,23,2927,1,-1,0,2,-1,-1,-1,-1
"Viswanath, Sandanand",29/11/1962,India,3,1823,-1,6.2,-1,-1,-1,-1,-1,-1
"Vithanage, K D Kithuruwan",26/02/1991,Sri Lanka,10,4012,29,133,0,4.59,174,100,0,0
"Vitori, Brian V",22/02/1990,Zimbabwe,4,3872,138.5,38.67,0,3.34,69.42,25,50,25
"Voges, Adam C",04/10/1979,Australia,12,3463,3,-1,0,6,-1,-1,-1,-1
"Wade, Matthew S",26/10/1987,Australia,12,3910,1,-1,0,0,-1,-1,-1,-1
"Wagner, Neil",13/03/1986,New Zealand,18,3967,646.4,33.34,0,3.45,57.91,32.8,38.8,28.4
Wahab Riaz,28/06/1985,Pakistan,15,3529,440.2,34.16,0,3.34,61.44,41.9,41.9,16.3
Wajahatullah Wasti,11/11/1974,Pakistan,6,2167,3,-1,0,2.67,-1,-1,-1,-1
"Walker, Brooke G K",25/03/1977,New Zealand,5,2249,111.3,79.8,0,3.58,133.8,0,80,20
"Wallace, Philo A",02/08/1970,West Indies,7,2123,-1,21.46,-1,-1,-1,-1,-1,-1
"Waller, Andrew C",25/09/1959,Zimbabwe,2,2084,-1,23,-1,-1,-1,-1,-1,-1
"Waller, Malcolm N",28/09/1984,Zimbabwe,9,3640,53,22,0,2.49,53,33.3,66.7,0
"Walmsley, Kerry P",23/08/1973,New Zealand,3,2021,129,43.44,0,3.03,86,33.3,33.3,33.3
"Walsh, Courtney A",30/10/1962,West Indies,132,1843,5003.1,24.44,3,2.54,57.84,34.1,34.5,31.4
"Walton, Chadwick A K",03/07/1985,West Indies,2,3713,-1,3.25,-1,-1,-1,-1,-1,-1
Waqar Younis,16/11/1971,Pakistan,87,1959,2704,23.56,5,3.25,43.5,35.4,35.4,29.2
"Ward, Ian J",30/09/1972,England,5,2972,-1,16.13,-1,-1,-1,-1,-1,-1
"Warnapura, Basnayake S M",26/05/1979,Sri Lanka,14,3467,9,-1,0,4.44,-1,-1,-1,-1
"Warnaweera, Khahakachchi P J",23/11/1960,Sri Lanka,10,1855,388.5,31.91,0,2.63,72.91,40.6,40.6,18.8
"Warne, Shane K",13/09/1969,Australia,145,1856,6784.1,25.42,10,2.65,57.49,23,39.8,37.1
"Warner, David A",27/10/1986,Australia,48,3637,55,63.5,0,4.62,82.5,50,25,25
"Warrican, Jomel",20/05/1992,West Indies,3,4486,107,49.67,0,4.18,71.33,44.4,33.3,22.2
"Washington, Dwight M",05/03/1983,West Indies,1,3278,29,-1,0,3.21,-1,-1,-1,-1
Wasim Akram,03/06/1966,Pakistan,104,29,3771.1,23.62,5,2.59,54.65,31.9,33.1,35
"Wassan, Atul S",23/03/1968,India,4,1861,118.4,50.4,0,4.25,71.2,20,80,0
"Watambwa, Brighton T",09/06/1977,Zimbabwe,6,2968,155.1,35,0,3.16,66.5,35.7,21.4,42.9
"Watkin, Steven L",15/09/1964,England,3,1862,89,27.73,0,3.43,48.55,36.4,45.5,18.2
"Watkinson, Michael",01/08/1961,England,4,2028,112,34.8,0,3.11,67.2,30,40,30
"Watling, Bradley-John",09/07/1985,New Zealand,36,3737,-1,37.71,-1,-1,-1,-1,-1,-1
"Watson, Shane R",17/06/1981,Australia,59,3017,915.5,33.68,0,2.76,73.27,42.7,38.7,18.7
"Watson, William",31/08/1965,New Zealand,15,1870,581,34.68,0,2.39,87.15,30,37.5,32.5
"Waugh, Mark E",02/06/1965,Australia,128,1872,808.5,41.17,0,3,82.25,40.7,37.3,22
"Waugh, Stephen R",02/06/1965,Australia,168,1873,1300.5,37.45,0,2.65,84.84,23.9,48.9,27.2
"Webb, Peter N",14/07/1957,New Zealand,2,1876,-1,3.67,-1,-1,-1,-1,-1,-1
"Weerasinghe, Colombage D U S",01/03/1968,Sri Lanka,1,1880,19,-1,0,1.89,-1,-1,-1,-1
"Welegedara, U W M B Chanaka A",20/03/1981,Sri Lanka,21,3516,633.1,41.33,0,3.59,69.07,40,34.5,25.5
"Wellham, Dirk M",13/03/1959,Australia,6,1883,-1,23.36,-1,-1,-1,-1,-1,-1
"Wells, Alan P",02/10/1961,England,1,2029,-1,3,-1,-1,-1,-1,-1,-1
"Wessels, Kepler C",14/09/1957,Australia,40,1885,15,-1,0,2.8,-1,-1,-1,-1
"Wettimuny, Sidath",12/08/1956,Sri Lanka,23,1889,4,-1,0,9.25,-1,-1,-1,-1
"Whitaker, John J",05/05/1962,England,1,1892,-1,11,-1,-1,-1,-1,-1,-1
"White, Cameron L",18/08/1983,Australia,4,3325,93,68.4,0,3.68,111.6,20,60,20
"White, Craig",16/12/1969,England,30,1990,659.5,37.63,0,3.36,67.1,22,45.8,32.2
"White, David J",26/06/1961,New Zealand,2,1893,0.3,-1,0,10,-1,-1,-1,-1
"Whitney, Michael R",24/02/1959,Australia,12,1899,445.2,33.97,1,2.98,68.51,25.6,35.9,38.5
"Whittall, Andrew Richard",28/03/1973,Zimbabwe,10,2066,260.2,105.14,0,2.83,223.14,28.6,57.1,14.3
"Whittall, Guy J",05/09/1972,Zimbabwe,46,1987,781,40.94,0,2.67,91.88,25.5,49,25.5
"Wickremasinghe, Anguppulige G D",27/12/1965,Sri Lanka,3,1903,-1,8.5,-1,-1,-1,-1,-1,-1
"Wickremasinghe, Gallage P",14/08/1971,Sri Lanka,40,1902,1210,41.87,0,2.94,85.41,40,37.6,22.4
"Wiener, Julien M",01/05/1955,Australia,6,1904,13,-1,0,3.15,-1,-1,-1,-1
"Wijegunawardene, Kapila I W",23/11/1964,Sri Lanka,2,1907,60.4,21,0,2.42,52,28.6,57.1,14.3
"Wijekoon, M R Gayan",21/12/1976,Sri Lanka,2,3284,19,33,0,3.47,57,50,50,0
"Wijesuriya, Roger G C E",18/02/1960,Sri Lanka,4,1908,97.4,294,0,3.01,586,0,0,100
"Wijetunge, Piyal K",06/08/1971,Sri Lanka,1,1972,52,59,0,2.27,156,50,50,0
"Williams, Brad A",20/11/1974,Australia,4,3006,142,45.11,0,2.86,94.67,33.3,22.2,44.4
"Williams, David",04/11/1963,West Indies,11,1914,-1,13.44,-1,-1,-1,-1,-1,-1
"Williams, Neil F",02/07/1962,England,1,1916,41,74,0,3.61,123,0,100,0
"Williams, Sean C",26/09/1986,Zimbabwe,2,3270,28.4,56.5,0,3.94,86,0,50,50
"Williams, Stuart C",12/08/1969,West Indies,31,1980,3,-1,0,6.33,-1,-1,-1,-1
"Williamson, Kane S",08/08/1990,New Zealand,46,3817,318.3,38.39,0,3.38,68.25,35.7,35.7,28.6
"Willoughby, Charl M",03/12/1974,South Africa,2,2942,50,125,0,2.5,300,0,100,0
"Wilson, Paul",12/01/1972,Australia,1,2136,12,-1,0,4.17,-1,-1,-1,-1
"Wiseman, Paul J",04/05/1970,New Zealand,25,2142,943.2,47.59,0,3.08,92.79,37.7,47.5,14.8
"Wishart, Craig B",09/01/1974,Zimbabwe,27,2035,-1,22.41,-1,-1,-1,-1,-1,-1
"Woakes, Christopher R",02/03/1989,England,5,3846,115,59.67,0,3.11,115,33.3,16.7,50
"Wood, Graeme M",06/11/1956,Australia,59,1929,-1,31.83,-1,-1,-1,-1,-1,-1
"Wood, Mark A",11/01/1990,England,8,4421,254.3,34.4,0,3.38,61.08,24,56,20
"Yadav, Nandlal S",26/01/1957,India,35,1949,1393.2,35.1,0,2.57,81.96,29.4,42.2,28.4
"Yadav, Umesh T",25/10/1987,India,17,3786,471,36.06,0,4.06,53.32,39.6,41.5,18.9
"Yadav, Vijay",14/03/1967,India,1,1950,-1,30,-1,-1,-1,-1,-1,-1
Yasir Ali,15/10/1985,Pakistan,1,3134,20,27.5,0,2.75,60,50,50,0
Yasir Arafat,12/03/1982,Pakistan,3,2946,104.3,48.67,0,4.19,69.67,55.6,33.3,11.1
Yasir Hameed,28/02/1978,Pakistan,25,3117,13,-1,0,5.54,-1,-1,-1,-1
Yasir Shah,02/05/1986,Pakistan,12,3898,613.4,24.17,0,2.99,48.45,23.7,42.1,34.2
Yograj Singh,25/03/1958,India,1,1610,15,63,0,4.2,90,100,0,0
"Yohannan, Tinu",18/02/1979,India,3,3000,81,51.2,0,3.16,97.2,100,0,0
"Young, Bryan A",03/11/1964,New Zealand,35,1955,-1,31.78,-1,-1,-1,-1,-1,-1
"Young, Reece A",15/09/1979,New Zealand,5,3844,-1,24.14,-1,-1,-1,-1,-1,-1
"Young, Shaun",13/06/1970,Australia,1,2108,8,-1,0,1.63,-1,-1,-1,-1
Younis Khan,29/11/1977,Pakistan,104,2211,134,54.56,0,3.66,89.33,55.6,22.2,22.2
Yuvraj Singh,12/12/1981,India,40,2949,155.1,60.78,0,3.53,103.44,33.3,22.2,44.4
Zaheer Khan,07/10/1978,India,92,2245,3130.5,32.95,1,3.27,60.4,45,34.7,20.3
Zahid Fazal,10/11/1973,Pakistan,9,530,-1,18,-1,-1,-1,-1,-1,-1
Zahoor Elahi,01/03/1971,Pakistan,2,2078,-1,10,-1,-1,-1,-1,-1,-1
Zakir Khan,03/04/1963,Pakistan,2,934,74,51.8,0,3.5,88.8,20,80,0
Ziaur Rahman,02/12/1986,Bangladesh,1,3966,30,17.75,0,2.37,45,0,50,50
"Zoehrer, Timothy J",25/09/1961,Australia,10,1964,-1,20.5,-1,-1,-1,-1,-1,-1
"Zondeki, Monde",25/07/1982,South Africa,6,3063,130,25.26,0,3.69,41.05,21.1,42.1,36.8
"Zoysa, Demuni N T",13/05/1978,Sri Lanka,30,2095,737,33.7,0,2.93,69.09,43.8,37.5,18.8
Zulfiqar Babar,10/12/1978,Pakistan,13,4226,679.2,38.82,0,2.91,79.92,35.3,39.2,25.5
Zulqarnain Haider,03/04/1986,Pakistan,1,3701,-1,44,-1,-1,-1,-1,-1,-1
Zulquarnain,25/05/1962,Pakistan,3,1966,-1,6,-1,-1,-1,-1,-1,-1
